Author,uTime,Text
Nazwa Tahsin,1579266511,"#Teacher
#Advisor
From anonymous:
"" ржЖржорж╛рж░ adviser ржПржоржи ржорж╛ржирзБрж╖ ржкрзНрж░рждрж┐ ржЯрж╛рж░рзНржорзЗржЗ рждрж╛рж░ рж╕рж╛ржерзЗ ржжрзЗржЦрж╛ ржХрж░рж╛ рж▓рж╛ржЧрзЗред ржПржмржВ ржкрзНрж░рждрж┐ржмрж╛рж░ржЗ рждрж┐ржирж┐ рж╣рж╛ржмрж┐ржЬрж╛ржмрж┐ ржирж╛ржирж╛ ржХржерж╛ рж╢рзБржирж╛рзЯ ржжрзЗржиред ржЖржорж╛рж░ ржПржЦржирзЛ ржоржирзЗ ржЖржЫрзЗ рж░рзЗржЬрж╛рж▓рзНржЯ ржнрж╛рж▓ ржирж╛ рж╣ржУрзЯрж╛рзЯ ржПржХржмрж╛рж░ рждрж┐ржирж┐ ржЖржорж╛рж░ ржХрзНржпрж╛рж░рзЗржХрзНржЯрж╛рж░ ржирж┐рзЯрзЗ ржХржерж╛ рж╢рзБржирж╛ржЗржЫрж┐рж▓рзЗржиред ржЖржорж┐ ржЕржирзЗржХржжрж┐ржи ржЯрзНрж░ржорж╛рж░ ржоржзрзНржпрзЗ ржЫрж┐рж▓рж╛ржо, ржЬрж╛рж╕рзНржЯ ржХрж╛ржирзЗ ржмрж╛ржЬржд ржЙржирж╛рж░ ржХржерж╛ржЧрзБрж▓рж╛ред ржХрж╛рж░рзЛ рж░рзЗржЬрж╛рж▓рзНржЯ ржЦрж╛рж░рж╛ржк рж╣ржУрзЯрж╛ ржжрзЛрж╖рзЗрж░ ржХрж┐ржЫрзБржирж╛ ржХрж┐ржирзНрждрзБ ржирж╛ ржЬрзЗржирзЗ ржХрж╛рж░рзЛ ржХрзНржпрж╛рж░рзЗржХрзНржЯрж╛рж░ ржирж┐рзЯрзЗ ржХржерж╛ ржмрж▓рж╛ ржЕржмрж╢рзНржпржЗ ржжрзЛрж╖рзЗрж░ред ""
┬╖ Provide translation into English"
Sumit Paul,1578855094,"#From_16th_Panel
ржЖрзЬрж┐ржкрж╛рждрж╛рзЯ ржмрж┐ржнрж┐ржирзНржи ржкрзЛрж╕рзНржЯрзЗ ржУ ржХржорзЗржирзНржЯрзЗ ржЕрж╕рзНржмрж╕рзНрждрж┐ржХрж░ ржкрж░рж┐ржмрзЗрж╢ рждрзИрж░рзА ржУ ржЧрзЛрж▓ржпрзЛржЧ ржмрж╛ржзрж╛ржирзЛрзЯ (рзк.рззрзм, рзк.рззрзо) Md Mizanur Rahman Khan ржХрзЗ рзи.рзз ржзрж╛рж░рж╛ ржЕржирзБрж╕рж╛рж░рзЗ ржПржХ ржорж╛рж╕рзЗрж░ ржЬржирзНржп ржЖрзЬрж┐ржкрж╛рждрж╛ ржерзЗржХрзЗ ржмрзНржпрж╛ржи ржХрж░рж╛ рж╣рж▓ред
┬╖ Provide translation into English"
Ahmed Saqqaf,1579273878,"Selucus!
┬╖ Provide translation into Bengali"
Masud Karim Khan,1579229235,"ржЖржорж░рж╛ ржпрж╛рж░рж╛ рзпрзж ржжрж╢ржХрзЗ ржмрж╛ ржЖрж░ржУ ржЖржЧрзЗ ржмрзБрзЯрзЗржЯрзЗрж░ ржЫрж╛рждрзНрж░ ржЫрж┐рж▓рж╛ржо, рждрж╛рж░рж╛ рж╕ржорзНржнржмрждржГ ржЖрж░ ржЧрзЛржирж╛рж░ ржоржзрзНржпрзЗ ржирж╛ржЗред ржЖржорж╛ржжрзЗрж░ ржЫрзЛржЯржнрж╛ржЗ рж╕рж┐ржПрж╕ржЗ рзпрзи ржмрзНржпрж╛ржЪрзЗрж░ рж╢рж╛рж╣ ржЖрж╕рж╛ржжрзБржЬрзНржЬрж╛ржорж╛ржи ржорж╛рждрзНрж░ рзкрзл ржмржЫрж░ ржмрзЯрж╕рзЗ ржХрзНржпрж╛ржирзНрж╕рж╛рж░рзЗ ржнрзБржЧрзЗ ржЧрждржХрж╛рж▓ ржжрзБржирж┐рзЯрж╛ ржерзЗржХрзЗ ржмрж┐ржжрж╛рзЯ ржирж┐рж▓рзЛ, ржЖрзЬрж┐ржкрж╛рждрж╛рзЯ рждрж╛рж░ ржХрзЛржи рж░рж┐ржлрзНрж▓рзЗржХрж╢ржи ржжрзЗржЦрж▓рж╛ржо ржирж╛ред ржПржоржирж┐рждрзЗржЗ ржЧрзНрж░рзБржкрзЗ ржЖржЧрзЗрж░ ржоржд ржЖрж╕рж┐ ржирж╛, ржнржмрж┐рж╖рзНржпрждрзЗ ржЖрж╕рж╛рж░ ржмрзНржпрж╛ржкрж╛рж░рзЗржУ ржЖржЧрзНрж░рж╣ рж╣рж╛рж░рж┐рзЯрзЗ ржлрзЗрж▓рж▓рж╛ржоред
┬╖ Provide translation into English"
ржорж╣рж┐ржЙржжрзНржжрж┐ржи ржЦрж╛рж▓рзЗржж,1579267856,"'ржмрж╛ржХ-рж╕рзНржмрж╛ржзрзАржирждрж╛ ржХрж┐ ржкрзНрж░рж╢рзНржирж╛рждрзАржд ржирзЯ?'
ржЗрждрж┐рж╣рж╛рж╕рзЗрж░ ржЪрж░рж┐рждрзНрж░ржжрзЗрж░ ржкрзБржирж░рзНржЬржирзНржо ржирзЗрзЯрж╛ рж░ржХрзНрждржорж╛ржВрж╕рзЗрж░ ржорж╛ржирзБрж╖ ржмрж╛ржирж┐рзЯрзЗ рж╕рзБржирзАрж▓ ржЧржЩрзНржЧрзЛржкрж╛ржзрзНржпрж╛рзЯ рж╕рзЗржЗ рж╕ржорзЯ, ржкрзНрж░ржержо ржЖрж▓рзЛ рж▓рж┐ржЦрж▓рзЗржиред ржХрзЗржЙ ржХрзЗржЙ ржоржирзНрждржмрзНржп ржХрж░рж▓рзЗржи- рж▓рж┐ржЦрждрзЗ ржЧрж┐рзЯрзЗ рж▓рзЗржЦржХ ржЕрждрж┐ржорж╛рждрзНрж░рж╛рзЯ рж╕рзНржмрж╛ржзрзАржирждрж╛ ржирж┐рзЯрзЗржЫрзЗржиред
рж╕рзБржирзАрж▓ ржмрж▓рж▓рзЗржи- рж▓рзЗржЦржХрзЗрж░ рж╕рзНржмрж╛ржзрзАржирждрж╛рж░ ржХрзЛржи рж╕рзАржорж╛ржЗ ржЯрж╛ржирж╛ ржЙржЪрж┐ржд ржирзЯред рж▓рзЗржЦржХрзЗрж░ ржЕрж╕рзАржо рж╕рзНржмрж╛ржзрзАржирждрж╛ ржерж╛ржХрж╛ ржЙржЪрж┐рждред...
Continue reading"
ржорж╣рж┐ржЙржжрзНржжрж┐ржи ржЦрж╛рж▓рзЗржж,1579267856,"'ржмрж╛ржХ-рж╕рзНржмрж╛ржзрзАржирждрж╛ ржХрж┐ ржкрзНрж░рж╢рзНржирж╛рждрзАржд ржирзЯ?'
ржЗрждрж┐рж╣рж╛рж╕рзЗрж░ ржЪрж░рж┐рждрзНрж░ржжрзЗрж░ ржкрзБржирж░рзНржЬржирзНржо ржирзЗрзЯрж╛ рж░ржХрзНрждржорж╛ржВрж╕рзЗрж░ ржорж╛ржирзБрж╖ ржмрж╛ржирж┐рзЯрзЗ рж╕рзБржирзАрж▓ ржЧржЩрзНржЧрзЛржкрж╛ржзрзНржпрж╛рзЯ рж╕рзЗржЗ рж╕ржорзЯ, ржкрзНрж░ржержо ржЖрж▓рзЛ рж▓рж┐ржЦрж▓рзЗржиред ржХрзЗржЙ ржХрзЗржЙ ржоржирзНрждржмрзНржп ржХрж░рж▓рзЗржи- рж▓рж┐ржЦрждрзЗ ржЧрж┐рзЯрзЗ рж▓рзЗржЦржХ ржЕрждрж┐ржорж╛рждрзНрж░рж╛рзЯ рж╕рзНржмрж╛ржзрзАржирждрж╛ ржирж┐рзЯрзЗржЫрзЗржиред
рж╕рзБржирзАрж▓ ржмрж▓рж▓рзЗржи- рж▓рзЗржЦржХрзЗрж░ рж╕рзНржмрж╛ржзрзАржирждрж╛рж░ ржХрзЛржи рж╕рзАржорж╛ржЗ ржЯрж╛ржирж╛ ржЙржЪрж┐ржд ржирзЯред рж▓рзЗржЦржХрзЗрж░ ржЕрж╕рзАржо рж╕рзНржмрж╛ржзрзАржирждрж╛ ржерж╛ржХрж╛ ржЙржЪрж┐рждред
ржпрж╛рж░рж╛ ржЧржнрзАрж░ ржПржмржВ ржирж┐ржмрж┐рзЬржнрж╛ржмрзЗ рж╕рзБржирзАрж▓ ржЧржжрзНржпржкржжрзНржп ржкрж╛ржа ржХрж░рзЗржЫрзЗржи, рждрж╛рж░рж╛ ржЕржмрж╢рзНржпржЗ ржЬрж╛ржирзЗржи рж╕рзБржирзАрж▓рзЗрж░ ржЪрж┐ржирзНрждрж╛рж░ ржЧржнрзАрж░рждрж╛ ржПржмржВ ржкрзЬрж╛рж╢рзЛржирж╛рж░ ржмрзНржпрж╛ржкрзНрждрж┐ рж╕ржорзНржкрж░рзНржХрзЗред ржЬржЧрзОржЬрзБрзЬрзЗ ржпрзЗрж╕ржХрж▓ ржиржирзНржжрж┐ржд ржУ ржирж┐ржирзНржжрж┐ржд ржЪрж┐ржирзНрждрж╛рж╢рзАрж▓ ржЖржЬрзАржмржи ржЫрзБржБрзЯрзЗ ржерж╛ржХржмрзЗржи рж╣рзГржжрзЯ ржУ ржоржиржирж╕ржорзНржкржирзНржи ржорж╛ржирзБрж╖рзЗрж░ ржЪрж┐ржирзНрждрж╛ржХрж╛рж╢рзЗрж░ ржирзАрж▓, ржирж┐:рж╕ржирзНржжрзЗрж╣рзЗ рждрж╛ржжрзЗрж░ржЗ ржЕржирзНржпрждржо рж╕рзБржирзАрж▓!
рж╕рзБржирзАрж▓ ржмржЪржирзЗрж░ рж╕рж╛ржерзЗ ржЖржорж┐ рж╢рждржнрж╛ржЧ ржПржХржорждред ржХрзАржнрж╛ржмрзЗ ржПржХржоржд рждрж╛рж░ рж╢рждржнрж╛ржЧ рж╕рж╣рзАрж╣ ржмрзНржпрж╛ржЦрзНржпрж╛ ржирж┐ржорзНржирзЗ ржкрзНрж░ржжрж╛ржи ржХрж░рж▓рж╛ржоред
ржорж╛ржирзБрж╖ ржкрзНрж░ржЬрж╛рждрж┐( Homo Sapiens) рждрж╛рж░ ржкрзНрж░ржЬрж╛рждрзАрзЯ ржЬрзАржмржирзЗ ржЦрзБржм рж╕ржВржХржЯржорзЯ ржПржХржЯрж╛ ржкрж░рзНржпрж╛рзЯ ржкрж╛рж░ ржХрж░рзЗржЫрзЗред
рж╕ржВржХржЯржЯрж╛ рждрзИрж░рж┐ рж╣рзЯрзЗржЫрзЗ ржпржЦржи рждрж╛рж░ ржорж╕рзНрждрж┐рж╖рзНржХрзЗрж░ ржЖржХрж╛рж░ ржмрзГржжрзНржзрж┐ ржкрзЗрждрзЗ рж╢рзБрж░рзБ ржХрж░рзЗржЫрзЗ, ржЬрзАржмржмрж┐ржЬрзНржЮрж╛ржирзЗрж░ ржнрж╛рж╖рж╛рзЯ рждрж╛рж░ ржПржХржЗ рж╢рзНрж░рзЗржгрж┐ржнрзБржХрзНржд ржЕржирзНржп ржкрзНрж░рж╛ржгрж┐ржжрзЗрж░ рждрзБрж▓ржирж╛рзЯ!
ржЖрзЬрж╛ржЗ ржорж┐рж▓рж┐рзЯржи ржмржЫрж░ ржЖржЧрзЗред ржмрзГрж╣рждрзНрждрж░ ржЬрзАржмржЬржЧржд ржерзЗржХрзЗ рж╕рзЗржкрж╛рж░рзЗрж╢ржи ржирж┐рзЯрзЗ ржирж┐ржЬрзЗрж░ ржЬржирзНржп ржЖрж▓рж╛ржжрж╛ рж╕рж╛ржорзНрж░рж╛ржЬрзНржп ржмрж╛ржирж┐рзЯрзЗ ржмрж╛рж╕ ржХрж░рж╛ ржерзЗржХрзЗ рждржЦржирзЛ ржмрж╣рзБ ржжрзБрж░рзЗ ржЖржжрж┐ржорждржо ржорж╛ржирзБрж╖ред рждржЦржирзЛ рж╕рзЗ ржмрзГрж╣рждрзНрждрж░ ржЬрзАржмржЬржЧрждрзЗрж░ ржиржЧржирзНржп рж╕рж╛ржзрж╛рж░ржг рж╕ржжрж╕рзНржп рж╣рж┐рж╕рзЗржмрзЗ ржмрзГрж╣рждрзНрждрж░ ржЬрзАржмржЬржЧрждрзЗрж░ рж╕рж╛ржерзЗ рж▓рж┐ржн ржЯрзБржЧрзЗржжрж╛рж░ ржХрж░ржЫрзЗред рждржЦржиржЗ, рж╕ржорж╕рж╛ржорзЯрж┐ржХ рж╖рж╛ржЯржХрзЗржЬрж┐ ржУржЬржирзЗрж░ ржЕржирзНржп рж╕рзНрждржирзНржпржкрж╛рзЯрзА ржкрзНрж░рж╛ржгрж┐рж░ ржорж╕рзНрждрж┐рж╖рзНржХрзЗрж░ ржЧрзЬ ржУржЬржи ржпрзЗржЦрж╛ржирзЗ рж╕рж┐ржХрж┐ рж▓рж┐ржЯрж╛рж░рзЗрж░ ржХржо рж╕рзЗржЦрж╛ржирзЗ ржПржХржЗ ржУржЬржирзЗрж░ ржорж╛ржирзБрж╖рзЗрж░ ржорж╕рзНрждрж┐рж╖рзНржХрзЗрж░ ржЧрзЬ ржУржЬржи ржЕрж░рзНржз рж▓рж┐ржЯрж╛рж░рзЗрж░ ржмрзЗрж╢рж┐!
рж╕рзЗржЗ ржмрзЬ ржорж╕рзНрждрж┐рж╖рзНржХ ржорж╛ржирзБрж╖ржХрзЗ ржХрзАржнрж╛ржмрзЗ ржмрж┐ржкржжрзЗ ржлрзЗрж▓рж▓ рж╕рзЗржЯрж╛ ржПржХржЯрж╛ ржЧрж▓рзНржкрзЗрж░ ржорж╛ржзрзНржпржорзЗ ржмрзЛржЭрж╛ржирзЛрж░ ржЪрзЗрж╖рзНржЯрж╛ ржХрж░рж╛ ржпрж╛ржХред
ржзрж░рж╛ ржпрж╛ржХ ржПржХржЯрж╛ ржЧрзНрж░рж╛ржоред ржЧрзНрж░рж╛ржорзЗ ржЕржирзЗржХржЧрзБрж▓рзЛ ржкрж░рж┐ржмрж╛рж░рзЗрж░ ржмрж╛рж╕ред ржПржХржЯрж╛ ржЫрж╛рзЬрж╛ рж╕ржмржЧрзБрж▓рзЛ ржкрж░рж┐ржмрж╛рж░ рж╕рж╛ржзрж╛рж░ржг ржХрзГрж╖ржХ ржкрж░рж┐ржмрж╛рж░ред ржлрж╕рж▓ ржлрж▓рж╛рзЯред ржлрж╕рж▓ рждрзБрж▓рзЗред ржЙржжрзНржмрзГрждрзНржд ржлрж╕рж▓ ржмрж┐ржХрзНрж░рж┐ ржХрж░рзЗ рж╕рзБржЦрзЗ ржЦрж╛рзЯ ржШрзБржорж╛рзЯ, ржЙрзОрж╕ржм ржЖржиржирзНржж ржХрж░рзЗред ржПржХржЯрж╛ ржкрж░рж┐ржмрж╛рж░рзЗрж░ ржХрждрзНрждрж╛ ржорж╢рж╛рзЯрзЗрж░ ржирж╛ржо рж╕рзНржпрж╛ржкрж┐рзЯрзЗржирзНрж╕! рждрж╛ржБрж░ ржЪрж┐ржирзНрждрж╛ ржПржХржЯрзБ ржнрж┐ржирзНржиред рждрж┐ржирж┐ ржмрж░рзНрждржорж╛ржирзЗрж░ ржЪрзЗрзЯрзЗ ржнржмрж┐рж╖рзНржпрждржХрзЗ ржмрзЗрж╢рж┐ ржкрзНрж░рж╛ржзрж╛ржирзНржп ржжрзЗржиред рждрж┐ржирж┐ ржЪрж┐ржирзНрждрж╛ ржХрж░рж▓рзЗржи рждрж╛рж░ рж╕ржирзНрждрж╛ржиржХрзЗ ржирж┐ржЬрзЗржжрзЗрж░ ржоржд ржЪрж╛рж╖рж╛ржнрзБрж╖рзЛ ржХрж░рж▓рзЗ рж╣ржмрзЗ ржирж╛ред рждрж╛ржжрзЗрж░ржХрзЗ ржЙржЪрзНржЪрж╢рж┐ржХрзНрж╖рж┐ржд ржХрж░рж╛рж░ ржЬржирзНржп ржЬржорж┐ржЬржорж╛ ржмржирзНржзржХ ржжрж┐рзЯрзЗ рждрж┐ржирж┐ рж╢рж╣рж░рзЗ ржкрж╛ржарж┐рзЯрзЗ ржжрж┐рж▓рзЗржиред ржирж┐ржЬрзЗрж░ ржмржВрж╢ржзрж░ржХрзЗ ржЙржирзНржиржд ржХрж░рждрзЗ ржЧрж┐рзЯрзЗ рж╕ржВрж╕рж╛рж░рзЗрж░ ржЕржмрж╕рзНржерж╛ рждрзНрж░рж╛рж╣рж┐рждрж░ ржоржзрзБрж╕рзБржжржи рж╣рж▓ред ржлрж╕рж▓ рж╕ржм ржмрж┐ржХрзНрж░рж┐ ржХрж░рзЗржУ рждрж╛ржжрзЗрж░ ржкрзЬрж╛рж░ ржЦрж░ржЪ ржЬрзЛржЯрзЗ ржирж╛ред ржзрж╛рж░ржжрзЗржирж╛ ржХрж░рзЗ ржЖржзржкрзЗржЯрж╛ ржЦрзЗрзЯрзЗ ржжрж┐ржи ржХрж╛ржЯрж╛рждрзЗ рж╣рзЯ!
рж╕рзНржпрж╛ржкрж┐рзЯрзЗржирзНрж╕ ржкрж░рж┐ржмрж╛рж░рзЗрж░ рж╕ржирзНрждрж╛ржирзЗрж░рж╛ ржкрзЬрж╛рж╢рзЛржирж╛ ржХрж░рзЗ ржПржХрж╕ржорзЯ ржорж╛ржирзБрж╖ рж╣рж▓ред ржЧрзНрж░рж╛ржорзЗ ржлрж┐рж░рзЗ ржЖрж╕рж▓ред рждрж╛рждрзЗ ржжрзБ:ржЦ ржЖрж░рзЛ ржмрж╛рзЬрж▓! ржЬрзНржЮрж╛ржи ржЕрж░рзНржЬржи рж╣рзЯрзЗржЫрзЗред ржХрж┐ржирзНрждрзБ ржкрзНрж░рзЯрзЛржЧ ржд рж╣рзЯ ржирж╛ржЗред ржмрж╛ржк ржЫрж┐рж▓ ржорзВрж░рзНржЦ ржЪрж╛рж╖рж╛ред рж╕ржирзНрждрж╛ржирж░рж╛ рж╣рзЯрзЗржЫрзЗ рж╢рж┐ржХрзНрж╖рж┐ржд ржЪрж╛рж╖рж╛! ржХрж┐ржирзНрждрзБ ржЖржмрж╛рж░ ржкрзЗрзЯрзЗ ржЧрзЗржЫрзЗ рж╢рж┐ржХрзНрж╖рж╛рж░ рж╕рзНржмрж╛ржжред ржХрж╛ржЬрзЗржЗ рждрж╛рж░рж╛ржУ ржЖржзржкрзЗржЯрж╛ рж╕рж┐ржХрж┐ржкрзЗржЯрж╛ ржЦрзЗрзЯрзЗ рждрж╛ржжрзЗрж░ рж╕ржирзНрждрж╛ржиржжрзЗрж░ ржмрж┐ржжрзНржпрж╛-рж╢рж┐ржХрзНрж╖рж╛ ржЕрж░рзНржЬржирзЗрж░ ржкрзЗржЫржирзЗ ржмрзНржпрзЯ ржХрж░рждрзЗ рж▓рж╛ржЧрж▓ ржкрзНрж░рж╛рзЯ рж╕ржорж╕рзНржд рж╕ржорзНржкржжред
ржкрзНрж░ржЬржирзНржорзЗрж░ ржкрж░ ржкрзНрж░ржЬржирзНржо ржЕрждрж┐ржХрзНрж░рж╛ржирзНржд рж╣рж▓ред рж╕рзНржпрж╛ржкрж┐рзЯрзЗржирзНрж╕ ржкрж░рж┐ржмрж╛рж░рзЗрж░ рж╕рж┐ржХрж┐ржкрзЗржЯрж╛ ржЦрж╛ржУрзЯрж╛ ржЬрзНржЮрж╛ржирзА рж╕ржжрж╕рзНржпрж░рж╛ ржПржХрж╕ржорзЯ рж╢рж┐ржЦрзЗ ржлрзЗрж▓рж▓ ржЬрзНржЮрж╛ржирзЗрж░ ржкрзНрж░рзЯрзЛржЧ!
рждржЦржи ржЧрзНрж░рж╛ржорзЗрж░ ржЕржирзНржпрж╛ржирзНржп ржкрж░рж┐ржмрж╛рж░рзЗрж░ рж╕ржжрж╕рзНржпрж░рж╛ ржжрзЗржЦрж▓ ржорзБржжрзНрж░рж╛рж░ ржЕржкрж░ ржкрж┐ржаред
ржпрзЗ ржжрзБрж░рзНржмрж▓ ржкрж░рж┐ржмрж╛рж░ржЯрж┐рж░ ржжрзБрж░рзНржмрж▓ рж╕ржжрж╕рзНржпржжрзЗрж░ ржмрзЗрзЬрж╛ржЦрж╛ржУрзЯрж╛ ржХрзНрж╖рзЗржд ржорж░рж╛ ржЧрж░рзБрждрзЗржУ ржПржХрж╕ржорзЯ ржорж╛рзЬрж╛рждрзЗ ржЖрж╕ржд ржирж╛, рж╕рзЗржЗ ржкрж░рж┐ржмрж╛рж░рзЗрж░ ржХрзНрж╖рзЗрждрзЗ ржЖржЬ рж╕ржмржЪрзЗрзЯрзЗ ржнрж╛рж▓рзЛ ржЪрж┐ржЪрж┐ржЩрзНржЧрж╛ ржПржмржВ ржХрж░рж▓рзНрж▓рж╛рж░ ржЪрж╛рж╖ рж╣рзЯред ржЕржирзНржпржжрзЗрж░ ржХрзНрж╖рзЗрждржЧрзБрж▓рзЛржУ рждрж╛рж░рж╛ ржХрзЛржи ржЕржжрзГрж╢рзНржп ржпрж╛ржжрзБржмрж▓рзЗ ржжржЦрж▓ ржХрж░рзЗ ржирж┐ржЪрзНржЫрзЗ! ржЕржирзНржп ржкрж░рж┐ржмрж╛рж░рзЗрж░ рж╕ржжрж╕рзНржпржжрзЗрж░ ржирж┐ржЬрзЗржжрзЗрж░ ржХрзНрж╖рзЗрждрзЗрж░ ржлрж╕рж▓ рждрзЛрж▓рж╛рж░ ржЬржирзНржп ржПржЦржи рж╕рзНржпрж╛ржкрж┐рзЯрзЗржирзНрж╕ ржкрж░рж┐ржмрж╛рж░рзЗрж░ ржЕржирзБржорждрж┐ ржжрж░ржХрж╛рж░ рж╣ржЪрзНржЫрзЗред ржХрзЗржЙ ржпрзЗржи ржкрзНрж░рждрж┐ржжрж┐ржи рждрж╛ржжрзЗрж░ржХрзЗ ржПржХржЯрзБ ржПржХржЯрзБ ржХрж░рзЗ ржЧрзНрж░рж╛ржо ржерзЗржХрзЗ рждрж╛рзЬрж┐рзЯрзЗ ржжрж┐ржЪрзНржЫрзЗ!
ржЖрзЬрж╛ржЗ ржорж┐рж▓рж┐рзЯржи ржмржЫрж░ ржЖржЧрзЗрж░ ржЖржжрж┐ржорждржо ржпрзЗ ржорж╛ржирзБрж╖рзЗрж░ ржорж╕рзНрждрж┐рж╖рзНржХрзЗрж░ ржЧрзЬ ржУржЬржи ржЕрж░рзНржз рж▓рж┐ржЯрж╛рж░рзЗрж░ рж╕рж╛ржорж╛ржирзНржп ржмрзЗрж╢рж┐ ржЫрж┐рж▓ рж╕рзБржжрзАрж░рзНржШржХрж╛рж▓рзЗрж░ ржмрж┐ржмрж░рзНрждржирзЗ рж╕рзЗржЗ ржУржЬржи ржЗрждрзЛржоржзрзНржпрзЗ рж╣рзЯрзЗржЫрзЗ рж╕рзЛрзЯрж╛ рж▓рж┐ржЯрж╛рж░рзЗрж░ ржХрж╛ржЫрж╛ржХрж╛ржЫрж┐ред ржпрзЗ ржУржЬржиржЯрж╛ ржмрзЗрзЬрзЗржЫрзЗ рж╕рзЗржЯрж╛ ржпрзЗ ржЧрзЛржмрж░ ржирзЯ, ржмрж░ржЩ ржорж╕рзНрждрж┐рж╖рзНржХржЗ рж╕рзЗржЯрж╛рж░ ржЕржЬрж╕рзНрж░ ржкрзНрж░ржорж╛ржг рж╢рж┐рж▓рж╛рж▓рж┐ржкрж┐рждрзЗ, ржкрзНрж░рж╛ржЪрзАржг ржирзМ-ржмрж┐ржжрзНржпрж╛рзЯ, ржЬржЯрж┐рж▓ ржнрж╛рж╖рж╛рж░ ржмрж╛ржБржХрзЗ ржмрж╛ржБржХрзЗ, ржорж╣рж╛ржи рж╕рж╛рж╣рж┐рждрзНржп ржХрж░рзНржорзЗ, ржирзГрж╢ржВрж╕ ржмрзЛржорж╛рзЯ, рж╕рзЗржХрзНрж╕рзЛрждрзНрждрзАрж░рзНржг рж╢рзИрж▓рзНржкрж┐ржХ ржЪрзБржорж╛рзЯ, ржнрж╛рж╕рзНржХрж░рзНржпрзЗрж░ ржЧрж╛ржБржерзБржирж┐рждрзЗ, рж╕рзНржерж╛ржкрждрзНржпрзЗрж░ ржмрж╛ржБржзрзБржирж┐рждрзЗ, рж░рж╕ржирж╛ржмрж┐рж▓рж╛рж╕рж┐ржд рж╕ржкрзНрждржмрзНржпрж╛ржЮрзНржЬржирзЗрж░ рж░рж╛ржБржзрзБржирзАрждрзЗ, ржжрзБрж░рждржо рж╕рзНржмржЬржи ржмрж┐рзЯрзЛржЧрзЗрж░ ржирж┐ржЦрж╛ржж ржжрзБ:ржЦ ржмрж┐рж▓рж╛рж╕рзА ржХрж╛ржБржжрзБржирж┐'рждрзЗред
ржорж╛ржирзБрж╖рзЗрж░ ржПржЗ ржмрж┐ржХрж╛рж╢ ржХрж┐ржнрж╛ржмрзЗ рж╕ржорзНржнржм рж╣рж▓?
ржпржжрж┐ рждрж╛рж░ ржмрж┐ржХрж╢рж┐ржд ржорж╕рзНрждрж┐рж╖рзНржХрзЗрж░ ржЬрзНржЮрж╛ржиржЧрзБрж▓рзЛ ржкрзНрж░ржХрж╛рж╢рзЗ ржпрзБржЧрзЗ ржпрзБржЧрзЗ ржмрж╛ржБржзрж╛ ржкрзНрж░ржжрж╛ржи ржХрж░ржд ржХрзЛржи рж╢рзЯрждрж╛ржирж╕рзНржп рж╢рзЯрждрж╛ржи рж╕рзНржмржШрзЛрж╖рж┐ржд рж╣рж╛ржХрж┐ржо ржПржмржВ рж╕рзЗржЗ ржмрж╛ржБржзрж╛рж░ ржХрж╛ржЫрзЗ ржирждрж┐ рж╕рзНржмрзАржХрж╛рж░ ржХрж░ржд ржорж╛ржирзБрж╖, рждрж╛рж╣рж▓рзЗ ржЬрзНржЮрж╛ржи ржкрзНрж░рзЯрзЛржЧ ржХрж░рждрзЗ ржирж╛ ржкрзЗрж░рзЗ ржорж╛ржирзБрж╖рзЗрж░ ржЕржмрж╕рзНржерж╛ рж╣ржд ржЧрж▓рзНржкрзЗрж░ рж╢рж┐ржХрзНрж╖рж┐ржд ржЪрж╛рж╖рж╛рж░ ржорждред ржЬрзНржЮрж╛ржи ржЖржЫрзЗ, ржкрзНрж░рзЯрзЛржЧ ржирзЗржЗ!
ржорж╛ржирзБрж╖ ржПржЧрж┐рзЯрзЗржЫрзЗ, ржХрж╛рж░ржг рж╕рзЗ ржмрж░рж╛ржмрж░ржЗ рждрж╛рж░ ржЪрж┐ржирзНрждрж╛ржЧрзБрж▓рзЛ ржкрзНрж░ржХрж╛рж╢ ржХрж░рждрзЗ ржПржмржВ рж╕рзЗржЧрзБрж▓рзЛрж░ ржкрзНрж░рзЯрзЛржЧ ржХрж░рждрзЗ рж╕ржХрзНрж╖ржо рж╣рзЯрзЗржЫрзЗред
ржмрж┐ржХрж╛рж╢рзЗрж░ ржЖржкрж╛ржд рж╢рзЗрж╖ ржзрж╛ржкрзЗ ржПрж╕рзЗ ржирж╛ржирж╛ржи ржкрзНрж░ржЬрж╛рждрж┐'рж░ рж╢рзЯрждрж╛ржирж╕рзНржп рж╢рзЯрждрж╛ржи рж╕рзНржмрзИрж░рж╛ржЪрж╛рж░рзА рж╣рж╛ржХрж┐ржоржХрзВрж▓рзЗрж░ ржЙржжрзНржнржм рж╣рзЯрзЗржЫрзЗ ржпрж╛рж░рж╛ ржирж┐ржЬрзЗржжрзЗрж░ рж╕рзНржмрж╛рж░рзНрже ржЙржжрзНржзрж╛рж░рзЗ ржмрж╛рж░ ржмрж╛рж░ ржорж╛ржирзБрж╖рзЗрж░ ржмрж╛ржХ-рж╕рзНржмрж╛ржзрзАржирждрж╛рж░, ржЪрж┐ржирзНрждрж╛рж░ рж╕рзНржмрж╛ржзрзАржирждрж╛рж░ рж╕рж╛ржоржирзЗ ржЙржжрзНржпржд ржЦрзЬржЧ рж╣рж╛рждрзЗ ржжрж╛ржБрзЬрж┐рзЯрзЗржЫрзЗ, ржмрж╛ржХ-рж╕рзНржмрж╛ржзрзАржи ржорж╛ржирзБрж╖ржжрзЗрж░ рж░ржХрзНрждрзЗ рж░ржЮрзНржЬрж┐ржд ржХрж░рзЗржЫрзЗ ржирж┐ржЬрзЗржжрзЗрж░ ржЦрзЬржЧ, ржХрж┐ржирзНрждрзБ ржмрж╛ржХ-рж╕рзНржмрж╛ржзрзАржи ржорж╛ржирзБрж╖ ржХрж┐ рж╢рзЗрж╖ржкрж░рзНржпржирзНржд рж╣рж╛рж░ ржорзЗржирзЗржЫрзЗ?
ржорж╛ржирзЗ ржирж┐ред
ржкрзЗрж╢рж┐рждрзЗ ржирзЯ, ржорж╕рзНрждрж┐рж╖рзНржХрзЗ ржЕржиржирзНржп рж╕рзНржпрж╛ржкрж┐рзЯрзЗржирзНрж╕ ржкрж░рж┐ржмрж╛рж░рзЗрж░ рж╕ржжрж╕рзНржпржжрзЗрж░ ржорж┐рж▓рж┐рзЯржи ржмржЫрж░рзЗрж░ ржЗрждрж┐рж╣рж╛рж╕ ржкрзЗрж╢рж┐-рж╢ржХрзНрждрж┐рж░ ржЪрзЗрзЯрзЗ ржЕржирзЗржХржмрзЗрж╢рж┐ ржорж╕рзНрждрж┐рж╖рзНржХ-рж╢ржХрзНрждрж┐ ржжрж┐рзЯрзЗ рж▓рзЬрж╛ржЗ ржПрж░ ржЗрждрж┐рж╣рж╛рж╕ред
ржорж╕рзНрждрж┐рж╖рзНржХ рж╢ржХрзНрждрж┐ ржжрж┐рзЯрзЗ ржкрзЗрж╢рж┐рж╢ржХрзНрждрж┐рж░ ржмрж┐рж░рзБржжрзНржзрзЗ рж▓рзЬрж╛ржЗ ржП ржирж╛ ржЬрж┐рждрждрзЗ ржкрж╛рж░рж▓рзЗ, ржжрзБрж░рзНржмрж▓рждржо ржкрзНрж░рж╛ржгрж┐ рж╣рзЯрзЗржУ рж╕рзЗ ржЦрж╛ржжрзНржп рж╢рзГржЩрзНржЦрж▓рзЗрж░ рж╢рзАрж░рзНрж╖рзЗ ржЙржарждрзЗ ржкрж╛рж░ржд ржирж╛ред
рж╕рзЗржЗ ржорж╛ржирзБрж╖ ржХрж┐ ржХржЦржирзЛ ржкрзЗрж╢рж┐рж╢ржХрзНрждрж┐рж░ ржХрж╛ржЫрзЗ ржирж┐ржЬрзЗрж░ ржЪрж┐ржирзНрждрж╛-рж╕рзНржмрж╛ржзрзАржирждрж╛, ржмрж╛ржХ-рж╕рзНржмрж╛ржзрзАржирждрж╛ ржмрж┐рж╕рж░рзНржЬржи ржжрзЗржмрзЗ? рж╕рзЗржЗ ржкрзЗрж╢рж┐рж╢ржХрзНрждрж┐рж░ ржЕржзрж┐ржХрж╛рж░рзА ржирж┐ржЬ ржкрзНрж░ржЬрж╛рждрж┐рж░ ржХрзБрж▓рж╛ржЩрзНржЧрж╛рж░рж╕рзНржп ржХрзБрж▓рж╛ржЩрзНржЧрж╛рж░ рж╣рж▓рзЗржУ?
ржорж╣рж┐ржЙржжрзНржжрж┐ржи ржЦрж╛рж▓рзЗржжред
рззрзн ржЗ ржЬрж╛ржирзБрзЯрж╛рж░рзА, рзирзжрзирзж
#ржЕржкржжрж╛рж░рзНрже_ржмрж┐ржЬрзНржЮрж╛ржирзА"
ржорж╣рж┐ржЙржжрзНржжрж┐ржи ржЦрж╛рж▓рзЗржж,1578911890,"ржЕржкржжрж╛рж░рзНрже ржмрж┐ржЬрзНржЮрж╛ржирзА(!) ржПрж░ржнрж┐ржи рж╢рзНрж░рзЯржбрж┐ржВржЧрж╛рж░ рж╕ржорзНржнржмржд ржмрж╛рж╕рж░ рж░рж╛рждрзЗ ржмрж┐рж▓рзНрж▓рж┐ ржорж╛рж░рждрзЗ ржмрзНржпрж░рзНрже рж╣рзЯрзЗржЫрж┐рж▓рзЗржиред рж╕рзЗржЬржирзНржп рждрж┐ржирж┐ рждрж╛ржБрж░ ржЬрзАржмржжрзНржжрж╢рж╛рзЯ ржмрж┐рж▓рзНрж▓рж┐ ржЬрзАржмрж┐ржд ржирж╛ ржорзГржд, ржПржЯрж╛ ржирж┐рзЯрзЗ ржмрзНржпрж╛ржкржХ ржЧржмрзЗрж╖ржгрж╛ ржХрж░рзЗржи ржПржмржВ рж╕рж┐ржжрзНржзрж╛ржирзНрждрзЗ ржЖрж╕рзЗржи- ржмрж┐рж▓рзНрж▓рж┐ ржЬрзАржмрж┐ржд, ржЖржмрж╛рж░ ржПржХржЗ рж╕рж╛ржерзЗ ржорзГржд!
ржПржЗ рж╕рж┐ржжрзНржзрж╛ржирзНрждрзЗ ржЖрж╕рж╛рж░ ржЬржирзНржп ржЕржкржжрж╛рж░рзНрже рж╕рзНржпрж╛рж░ ржпрзЗ ржержЯ ржПржХрзНрж╕ржкрзЗрж░рж┐ржорзЗржирзНржЯ ржХрж░рзЗржи ржЖржорж┐ ржЙрж▓рзНржЯрж╛ржкрж╛рж▓рзНржЯрж╛ ржирж╛ ржмрзБржЭрж▓рзЗ рждрж╛ рж╕ржВржХрзНрж╖рзЗржкрзЗ ржирж┐ржорзНржирж░рзВржк-
ржмрж┐рж▓рзНрж▓рж┐рж░ ржЖрзЬржд ржерзЗржХрзЗ ржжрж░ржжрж╛ржо ржХрж░рзЗ ржПржХржЯрж╛ ржЙрждрзНрждржо ржХрж╛рж▓рж╛ржмрж┐рж▓рзНрж▓рж┐ ржЦрж░рж┐ржжрж╛ ржХрж░рждрзЗ рж╣ржмрзЗред рждрж╛рж░ржкрж░ ржжрзБржЗ ржиржорзНржмрзБрж░рзА ржорж╛рж▓ ржмрж┐ржХрзНрж░рзЯ ржХрж░рзЗ ржПрж░ржХржо рждрзЗржЬржкрж╛рждрж╛рж░ ржжрзЛржХрж╛ржирзЗ ржЧрж┐рзЯрзЗ ржЖрзЬрж╛ржЗрж╢ ржЧрзНрж░рж╛ржо рждрзЗржЬрж╕рзНржХрзНрж░рж┐рзЯ ржкржжрж╛рж░рзНрже ржЦрж░рж┐ржжрж╛ ржХрж░рждрзЗ рж╣ржмрзЗред ржХрж╛рж▓рзБ ржорж┐рж╕рзНрждрзНрж░рзАржХрзЗ ржжрж┐рзЯрзЗ ржЪрзМржХрж╛ржирж╛ ржПржХржЯрж╛ ржХрж╛ржарзЗрж░ ржмрж╛ржХрж╕рзЛ ржмрж╛ржирж┐рзЯрзЗ рж╕рзЗржЯрж╛рж░ ржнрж┐рждрж░рзЗ ржмрж╛ржЗрж░рзЗ ржХрж╛рж▓рж╛ рж░ржЩ ржорзЗрж░рзЗ ржжрж┐рждрзЗ рж╣ржмрзЗред
ржмрж╛ржХрж╕рзЛрж░ ржоржзрзНржпрзЗ ржХрж╛рж▓рж╛ржмрж┐рж▓рзНрж▓рж┐ ржЖрж░ рждрзЗржЬрж╕рзНржХрзНрж░рж┐рзЯ ржЖрзЬрж╛ржЗрж╢ ржЧрзНрж░рж╛ржо ржврзБржХрж╛рзЯрзЗ ржмрж╛ржХрж╕рзЛ рждрж╛рж▓рж╛ ржорзЗрж░рзЗ ржЪрж╛ржмрж┐ ржкржХрзЗржЯрзЗ ржирж┐рзЯрзЗ ржоржирзЗ ржоржирзЗ рж╢рзНрж░рзЯржбрж┐ржЩрзНржЧрж╛рж░рзЗрж░ ржЪрзМржжрзНржжржЧрзЛрж╖рзНржарж┐ ржЙржжрзНржзрж╛рж░ ржХрж░рждрзЗ рж╣ржмрзЗ!
рждрзЗржЬрж╕рзНржХрзНрж░рж┐рзЯ ржЦрж╛ржБржЯрж┐ рж╣ржЗрж▓рзЗ ржмрж┐рж▓рзНрж▓рж┐ ржкржЯрж▓ рждрзБрж▓ржмрзЗред
рждрзЗржЬрж╕рзНржХрзНрж░рж┐рзЯ ржнрзЗржЬрж╛рж▓ рж╣ржЗрж▓рзЗ ржмрж┐рж▓рзНрж▓рж┐ ржмрж╛ржХрж╕рзЛрж░ ржнрзЗрждрж░ ржбрж╛ржирзНрж╕ ржжрзЗржмрзЗред
ржмрж╛ржХрж╕рзЛ ржпрждржХрзНрж╖ржг ржирж╛ ржЦрзБрж▓рждрзЗржЫрзЗ рждрждржХрзНрж╖ржг ржмрж┐рж▓рзНрж▓рж┐ рж╕ржорзНржкрж░рзНржХрзЗ ржХрж┐ рж╕рж┐ржжрзНржзрж╛ржирзНржд?
ржЕржкржжрж╛рж░рзНрже рж╕рзНржпрж╛рж░ ржмрж▓рзЗржи- рждрждржХрзНрж╖ржг ржмрж┐рж▓рзНрж▓рж┐ ржЬрзАржмрж┐ржд, ржЖржмрж╛рж░ ржПржХржЗ рж╕рж╛ржерзЗ ржорзГржд!
ржПржХржЗ рждрждрзНрждрзНржм рж╕ржорзНржнржмржд ржЬржЧрждрзЗрж░ рж╕ржХрж▓ ржмрзНржпрж╛ржмрж╕рж╛ржмрж╛ржгрж┐ржЬрзНржпрзЗржУ ржЦрж╛ржЯрзЗред
ржЕрж░рзНржбрж╛рж░ ржкрж╛ржмрж╛рж░ ржЖржЧ ржкрж░рзНржпржирзНржд ржмрж┐рзЬрж╛рж▓ ржПржХржЗ рж╕рж╛ржерзЗ ржЬрзАржмрж┐ржд ржПржмржВ ржорзГржд!
рждржмрзЗ ржмрж╛ржХрж╕рзЛ ржЦрзЛрж▓рж╛рж░ ржЖржЧ ржкрж░рзНржпржирзНржд ржЖржкржирж╛ржХрзЗ ржмрж┐рзЬрж╛рж▓ ржЬрзАржмрж┐ржд ржнрзЗржмрзЗржЗ ржбрж╛ржирзНрж╕ ржХрж░рзЗ ржпрзЗрждрзЗ рж╣ржмрзЗЁЯШКЁЯШКред"
Nasrul Islam Shohan,1578715386,"ржЖржмрж┐рж╕рзНржХрж╛рж░рзЗрж░ ржЧрж▓рзНржк ржмрж▓рзБржи
=======================
ржЖрзЬрж┐ржкрж╛рждрж╛рзЯ ржорж╛ржЭрзЗ ржорж╛ржЭрзЗржЗ ржмрзБрзЯрзЗржЯрзЗрж░ рж░рж┐рж╕рж╛рж░рзНржЪ рж╕рзНржЯрж╛ржЯрж╛рж╕ ржмрж╛ рж░тАНрзНржпрж╛ржЩрзНржХрж┐ржВ ржирж┐рзЯрзЗ ржХржерж╛ рж╣рзЯред ржЖржорж╛рж░ ржжрзБржЗ ржПржХрзНржЯрж╛ ржкрзНрж░рж╢рзНржи ржЫрж┐рж▓рзЛред
рзз. ржмрзБрзЯрзЗржЯрзЗрж░ ржпрж╛рж░рж╛ ржмрж╛ржЗрж░рзЗ ржЖржЫрзЗржи, рждрж╛ржжрзЗрж░ ржХрждржЬржи рж╕рж╛рж░рж╛ржЬрзАржмржирзЗ ржПржоржи ржжрзБржЗ ржПржХржЯрж╛ ржкрж╛ржмрзНрж▓рж┐ржХрзЗрж╢ржи ржХрж░рзЗржЫрзЗржи, ржпрж╛рждрзЗ ржХред ржХрзЛржи ржерж┐ржУрж░рж┐ржЯрж┐ржХрзНржпрж╛рж▓ ржЙржирзНржирждрж┐ рж╣рзЯрзЗржЫрзЗ; and/or ржЦред рж╕рзЗржЗ ржкрзЗржкрж╛рж░ ржЖрж╕рж▓рзЗржЗ ржХрзЛржерж╛ржУ ржЧрзБрж░рзБрждрзНржмржкрзВрж░рзНржг ржХрж╛ржЬрзЗ ржмрзНржпржмрж╣рж╛рж░ рж╣рзЯред
ржжрзЯрж╛ ржХрж░рзЗ ржПржХржЧрж╛ржжрж╛ рж╕рж╛ржЗржЯрзЗрж╢ржирзЗрж░ ржХржерж╛ ржмрж▓ржмрзЗржирзНржирж╛ред ржЖржорж┐ ржПржХржЯрж╛ ржЦрзБржмржЗ рж╣рж╛ржмрж┐ржЬрж╛ржмрж┐ ржЯрж╛ржЗржк ржкрзЗржкрж╛рж░ ржкрж╛ржмрж▓рж┐рж╢ ржХрж░рзЗржЗ ржПржХ ржжрзЗрзЬ ржмржЫрж░рзЗрж░ ржоржзрзНржпрзЗ ржЧрзЛржЯрж╛ ржмрж┐рж╢рзЗржХ рж╕рж╛ржЗржЯрзЗрж╢ржи ржкрзЗрзЯрзЗржЫрж┐ред ржпржжрж┐ржУ ржХрж╛ржЬржЯрж╛ ржЖрж╕рж▓рзЗржЗ ржкрж╛ржмрзНрж▓рж┐рж╢ рж╣ржУрзЯрж╛рж░ ржпрзЛржЧрзНржп ржХрж┐ржирж╛ рждрж╛ ржирж┐рзЯрзЗ ржЖржорж╛рж░ рж╕ржирзНржжрзЗрж╣ ржЖржЫрзЗред ржПржЗ ржХрж╛ржЬ ржирж╛ ржХрж░рж▓рзЗ ржкрзГржерж┐ржмрзАрждрзЗ ржмрж┐ржЬрзНржЮрж╛ржирзЗрж░ ржХрзЛржи ржХрзНрж╖рждрж┐ рж╣рждрзЛржирж╛ред ржПржЗ ржХрж╛ржЬ ржХрж░рж╛рж░ ржХрж╛рж░ржгрзЗ ржкрзГржерж┐ржмрзАрж░ ржЬрзНржЮрж╛ржи ржПржХ ржЪрзБрж▓ржУ ржЖржЧрж╛рзЯржирж┐ред ржЖржорж╛рж░ ржзрж╛рж░ржгрж╛ ржнрзБрж▓ рж╣рждрзЗ ржкрж╛рж░рзЗ, рждржмрзЗ ржирж╛ржорзНржмрж╛рж░ ржЕржм рж╕рж╛ржЗржЯрзЗрж╢ржи ржмрж╛ ржкрзЗржкрж╛рж░ ржЖржорж╛рж░ ржХрж╛ржЫрзЗ ржЦрзБржм ржПржХржЯрж╛ ржХрж╛ржЬрзЗрж░ ржЬрж┐ржирж┐рж╕ ржоржирзЗ рж╣рзЯржирж╛ред рждржмрзЗ рж╣рзНржпрж╛ржБ, ржпржжрж┐ ржЕрж░рж┐ржЬрж┐ржирж╛рж▓ ржХрж╛ржЬ, рж░рж┐ржнрж┐ржЙ ржкрзЗржкрж╛рж░ ржирж╛, ржХрзЛржи рж▓ржмрж┐ржВ ржЧрзНрж░рзБржкрж┐ржВ ржмрж╛ ржкрзНрж░ржнрж╛ржм ржЫрж╛рзЬрж╛ржЗ ржпржжрж┐ ржЕржирзЗржХ ржмрзЗрж╢рж┐ рж╕рж╛ржЗржЯрзЗрж╢ржи ржкрж╛рзЯ - рждрж╛рж░ ржкрж┐ржЫржирзЗ ржХрж┐ржЫрзБ ржнрж╛рж▓рзЛ ржХрж╛рж░ржг ржерж╛ржХрж╛рж░ рж╕ржорзНржнрж╛ржмржирж╛ржЗ ржмрзЗрж╢рж┐
рзи. ржпрж╛рж░рж╛ ржЖржорзЗрж░рж┐ржХрж╛ ржмрж╛ ржПрж░ржХржо ржХрзЛржи ржжрзЗрж╢рзЗ, ржпрзЗржЦрж╛ржирзЗ ржЖрж╕рж▓рзЗржЗ Knowledge economy ржмрзНржпрж╛ржкрж╛рж░ржЯрж╛ ржЖржЫрзЗ, рж╕рзЗржЦрж╛ржирзЗ ржХрж╛ржЬ ржХрж░рзЗржи, ржПржмржВ ржПржоржиржЯрж╛ ржжрж╛ржмрзА ржХрж░рждрзЗ ржкрж╛рж░рзЗржи ржпрзЗ ржХрзЛржорзНржкрж╛ржирж┐рждрзЗ ржЖржкржирж┐ ржЖрж╕рж▓рзЗржЗ ржХрж┐ржЫрзБ ржЬрзЗржирзБржЗржи ржПржмржВ ржЕрж░рж┐ржЬрж┐ржирж╛рж▓ ржХржирзНржЯрзНрж░рж┐ржмрж┐ржЙрж╢ржи ржХрж░рзЗржЫрзЗржиред ржЖржорж┐ ржмрж┐ржжрзНржпржорж╛ржи ржЬрзНржЮрж╛ржи ржмрзНржпржмрж╣рж╛рж░ ржХрж░рзЗ ржЫрзЛржЯржЦрж╛ржЯ ржкрзНрж░рж╕рзЗрж╕ ржЗржорзНржкрзНрж░рзБржнржорзЗржирзНржЯрзЗрж░ ржХржерж╛ ржмрж▓ржЫрж┐ржирж╛ред рждржмрзЗ рж╕рзЗржЯрж╛ржУ рж╣рждрзЗ ржкрж╛рж░рзЗ ржпржжрж┐ ржПрж░ ржкрж┐ржЫржирзЗ ржХрзЛржи ржирждрзБржи ржЪрж┐ржирзНрждрж╛ ржерж╛ржХрзЗред ржирждрзБржи ржХрзЛржи ржПржкрзНрж░рзЛржЪ ржерж╛ржХрзЗред
ржпрзЗржоржи ржзрж░рзЗржи ,ржЖржорж┐ ржирж┐ржЬрзЗ ржПржХржЯрж╛ ржлрж╛ржЗржирж╛ржирж╢рж▓ ржХрзЛржорзНржкрж╛ржирж┐рж░ ржЕрж░рж┐ржЬрж┐ржирж┐рж╢рзЗржи ржкрзНрж░рж╕рзЗрж╕рзЗрж░ ржкрзНрж░рзЛржбрж╛ржХрзНржЯрж┐ржнрж┐ржЯрж┐ ржкрзНрж░рж╛рзЯ рзкрзж% ржЗржорзНржкрзНрж░рзБржн ржХрж░рзЗ ржжрж┐рзЯрзЗржЫрж┐ ржПржХржЯрж╛ рж░рж┐рж╕рзНржХ ржПрж╕рзНржЯрж┐ржорзЗрж╢ржи ржоржбрзЗрж▓ ржмрж╛ржирж┐рзЯрзЗред рждржмрзЗ рж╕рзЗржЯрж╛ ржЖрж╕рж▓рзЗржЗ ржЖрж╣рж╛ржорж░рж┐ ржХрзЛржи ржХрж╛ржЬ ржирж╛ред ржПржЦрж╛ржирзЗ ржХрзЛржи ржЗржирзЛржнрзЗрж╢ржи ржЫрж┐рж▓рзЛржирж╛, ржХрзЛржи ржЕрж░рж┐ржЬрж┐ржирж╛рж▓ ржХрж╛ржЬ ржмрж╛ ржЪрж┐ржирзНрждрж╛ ржЫрж┐рж▓рзЛржирж╛ред ржЖржорж┐ ржПржХржЯрж╛ ржПржХрзНрж╕рж┐рж╕рзНржЯрж┐ржВ ржЦрзБржмржЗ ржХржоржи ржПрж▓ржЧрзЛрж░рж┐ржжржо ржмрзНржпржмрж╣рж╛рж░ ржХрж░рзЗржЫрж┐ред ржЖрж░ ржЖржорж┐ ржпрзЗрж╣рзЗрждрзБ ржЦрзБржмржЗ ржЦрзБржБрждржЦрзБржБрждрзЗ ржзрж░ржгрзЗрж░ ржорж╛ржирзБрж╖, ржЦрзБржБрждржЦрзБржБрждрзЗ рж╕рзНржЯрж╛ржЗрж▓рзЗ ржбрзЗржЯрж╛ ржкрзНрж░рж╕рзЗрж╕ ржХрж░рзЗржЫрж┐, рждрж╛ржЗ ржоржбрзЗрж▓ ржкрж╛рж░ржлрж░ржорзЗржирзНрж╕ ржЦрзБржм ржнрж╛рж▓рзЛ рж╣рзЯрзЗржЫрзЗред ржПржЗ ржзрж░ржгрзЗрж░ ржХрж╛ржЬрзЗрж░ ржХржерж╛ ржирж╛, ржЬрж╛ржирждрзЗ ржЪрж╛ржЗржЫрж┐ ржПржоржи ржХрж┐ржЫрзБ ржХрж╛ржЬ ржмрж╛ ржЪрж┐ржирзНрждрж╛, ржпрзЗржЯрж╛ ржЖржЧрзЗ ржХрж░рж╛ рж╣рзЯржирж┐ - рж╕рзЗржЯрж╛ ржЦрзБржм ржЫрзЛржЯ ржПржХржЯрж╛ ржЖржЗржбрж┐рзЯрж╛ржУ рж╣рждрзЗ ржкрж╛рж░рзЗред
ржПржоржи ржХрж┐ржЫрзБ ржХрж╛ржЬрзЗрж░ ржХржерж╛ ржмрж▓рзБржи ржпрзЗржЯрж╛ ржЖрж╕рж▓рзЗржЗ ржнрж┐ржирзНржи ржорж╛рждрзНрж░рж╛ ржпрзЛржЧ ржХрж░рзЗржЫрзЗ ржХрж┐ржВржмрж╛ ржПржоржи ржПржХржЯрж╛ ржкрзЗржкрж╛рж░рзЗрж░ ржХржерж╛ ржмрж▓рзБржи ржпрзЗржЯрж╛рж░ ржЖрж╕рж▓рзЗржЗ рж╕рзНрж░рзЗржл рж╕рж╛ржЗржЯрзЗржб рж╣ржУрзЯрж╛ ржЫрж╛рзЬрж╛ржУ ржмрж╛рж╕рзНрждржм ржХрж╛ржЬрзЗ ржмрзНржпржмрж╣рж╛рж░ рж╣рзЯред
ржЬрж╛ржирж╛рж░ ржЗржЪрзНржЫрж╛ ржерзЗржХрзЗ ржкрзЛрж╖рзНржЯржЯрж╛ ржжрж┐рж▓рж╛ржоред ржЖржкржирж╛ржжрзЗрж░ ржЖржмрж┐рж╕рзНржХрж╛рж░рзЗрж░ ржЧрж▓рзНржк рж╢рзБржирждрзЗ ржЪрж╛ржЗред ржЫрзЛржЯрзНржЯ ржХрж░рзЗ рж╣рж▓рзЗржУред
#рж╕рзЛрж╣рж╛ржи_рзжрзи"
Shariat Rahman,1579192668,"рж░рзБржмрж╛ржирж╛ рж╣ржХ ржУ рж▓рж┐ржбрж╛рж░рж╢рзАржк
......
ржЖржЬржХрзЗрж░ ржбрж┐ржЬрж┐ржЯрж╛рж▓ ржмрж╛ржВрж▓рж╛ржжрзЗрж╢ ржорзЗрж▓рж╛ рзирзжрзирзж ржПрж░ рззржо ржжрж┐ржирзЗ ржЖржЧрж╛рж░ржЧрж╛ржБржУрзЯрзЗрж░ ржмржВржЧржмржирзНржзрзБ рж╕ржорзНржорзЗрж▓ржи ржХрзЗржирзНржжрзНрж░рзЗ ржмрж┐ржХрзЗрж▓ рж╕рж╛рзЬрзЗ ржкрж╛ржБржЪржЯрж╛рзЯ ржПржХржЯрж╛ рж╕рзЗржорж┐ржирж╛рж░ рж╣рж▓рзЛред ржмрж┐рж╖рзЯржмрж╕рзНрждрзБ ржЫрж┐рж▓ 'ржЕрж░рзНржержирзАрждрж┐ ржУ ржмрж╛ржгрж┐ржЬрзНржпрзЗ ржЖржЗрж╕рж┐ржЯрж┐'ред
ржкрзНрж░ржзрж╛ржиржоржирзНрждрзНрж░рзАрж░ ржЕрж░рзНржержирзИрждрж┐ржХ ржЙржкржжрзЗрж╖рзНржЯрж╛ ржЫрж╛рзЬрж╛ржУ ржПржоржкрж┐, ржмрзНржпржмрж╕рж╛рзЯрзА ржУ рж╢рж┐ржХрзНрж╖рж╛ржмрж┐ржжрж░рж╛ ржЙржкрж╕рзНржерж┐ржд ржЫрж┐рж▓рзЗржиред ржЖрж▓рзЛржЪржХ рж╣рж┐рж╕рзЗржмрзЗ ржмрж┐ржЬрж┐ржПржоржЗржП рж╕ржнрж╛ржкрждрж┐ ржбржГ рж░рзБржмрж╛ржирж╛ рж╣ржХ ржЕрж╕рж╛ржзрж╛рж░ржг ржХржерж╛ ржмрж▓рзЗржЫрзЗржиред рждржмрзЗ ржЗ-ржХрзНржпрж╛ржмрзЗрж░ рж╕ржнрж╛ржкрждрж┐ рж╢ржорзА ржХрж╛ржУрж╕рж╛рж░рзЗрж░ ржмрж╛ржЪрж╛рж▓рждрж╛ ржХржорж╛рждрзЗ рж╣ржмрзЗ!
рж░рзБржмрж╛ржирж╛ рж╣ржХ ржХрзЯрзЗржХржЯрж┐ рж╕рзБржирзНржжрж░ рждржерзНржп ржжрж┐рзЯрзЗржЫрзЗржиред
рзз. ржЕржирзЗржХржЧрзБрж▓рзЛ ржЧрж╛рж░рзНржорзЗржирзНржЯрж╕рзЗ рж╕рж╛ржЗржХрзЛрж▓ржЬрж┐рж╕рзНржЯ ржирж┐рзЯрзЛржЧ ржХрж░рж╛ рж╣рзЯрзЗржЫрзЗред
рзи. рж╢рзНрж░ржорж┐ржХрж░рж╛ ржирж╛ржХрж┐ ржкрзНрж░рждрж┐ ржорж╛рж╕рзЗрж░ рж╢рзЗрж╖рзЗрж░ ржжрж┐ржХрзЗ рж╕рзНржерж╛ржирзАрзЯ рж╕рзБржжржЦрзЛрж░ржжрзЗрж░ ржХрж╛ржЫ ржерзЗржХрзЗ ржЯрж╛ржХрж╛ рж▓рзЛржи ржХрж░рзЗ рж╕рзБржжрзЗрж░ ржмрж┐ржирж┐ржорзЯрзЗред рж╕рзЗржЬржирзНржп ржПржХржЯрж╛ ржорзЛржмрж╛ржЗрж▓ ржмрзНржпрж╛ржВржХрж┐ржВ ржХрзЛржорзНржкрж╛ржирж┐рж░ рж╕рж╛ржерзЗ ржЪрзБржХрзНрждрж┐ ржХрж░рзЗржЫрзЗ рждрж╛рж░рж╛, ржпрзЗ ржХрзЛржорзНржкрж╛ржирж┐ ржорж╛рж╕рзЗрж░ рж╢рзЗрж╖рзЗрж░ ржжрж┐ржХрзЗ рзй-рзк рж╣рж╛ржЬрж╛рж░ ржЯрж╛ржХрж╛ рж▓рзЛржи ржжрзЗржмрзЗ ржмрж┐ржирж╛ рж╕рзБржжрзЗред ржорж╛рж╕рзЗрж░ рж╢рзБрж░рзБрждрзЗ ржорзЛржмрж╛ржЗрж▓ ржмрзНржпрж╛ржВржХрж┐ржВ ржПрж░ ржорж╛ржзрзНржпржорзЗ ржмрзЗрждржи ржжрзЗржУрзЯрж╛ рж╣рж▓рзЗ рж╕рзЗржЗ ржЯрж╛ржХрж╛ ржХрзЗржЯрзЗ ржирзЗржУрзЯрж╛ рж╣ржмрзЗред
рзй. ржЗржЙржирж┐рж▓рж┐ржнрж╛рж░рзЗрж░ рж╕рж╛ржерзЗ ржЪрзБржХрзНрждрж┐ ржХрж░рзЗржЫрзЗ ржмрж┐ржнрж┐ржирзНржи ржлрзНржпрж╛ржХрзНржЯрж░рж┐, ржпрж╛рж░рж╛ ржХрзЛржорзНржкрж╛ржирж┐рж░ рж░рзЗржЯрзЗ рж╢рзНрж░ржорж┐ржХржжрзЗрж░ржХрзЗ ржкржгрзНржп ржжрзЗржмрзЗред ржкржгрзНржпржЧрзБрж▓рзЛ ржлрзНржпрж╛ржХрзНржЯрж░рж┐рж░ рждрждрзНржмрж╛ржмржзрж╛ржирзЗ ржкрж░рж┐ржЪрж╛рж▓рж┐ржд ржжрзЛржХрж╛ржирзЗ ржерж╛ржХржмрзЗред ржПржЯрж╛ рзирзжрззрзж рж╕рж╛рж▓рзЗржЗ ржжрзЗржЦрзЗржЫрж┐ ржбрж┐ржмрж┐ржПрж▓ ржЧрзНрж░рзБржкрзЗрж░ ржХрж╛рж╢рж┐ржоржкрзБрж░рзЗрж░ ржлрзНржпрж╛ржХрзНржЯрж░рж┐рждрзЗред
рж╕рждрзНржпрж┐ржХрж╛рж░рзЗрж░ рж▓рж┐ржбрж╛рж░рж╢рзАржк ржПржХрзЗржЗ ржмрж▓рзЗред
ржПржЗ рж╕рзЗржорж┐ржирж╛рж░рзЗ рж╢рж┐ржЙрж░ ржХрзНржпрж╛рж╢ ржорзЛржмрж╛ржЗрж▓ ржмрзНржпрж╛ржВржХрж┐ржВ рж╕ржлржЯржУрзЯрзНржпрж╛рж░ ржбрзЗржкрзЗрж▓ржкржорзЗржирзНржЯ ржХрзЛржорзНржкрж╛ржирж┐рж░ ржорж╛рж▓рж┐ржХ ржУ ржмрзБрзЯрзЗржЯрж┐рзЯрж╛ржи рж╢рж╛рж╣рж╛ржжрж╛ржд ржнрж╛ржЗржУ рж╕рзБржирзНржжрж░ ржмржХрзНрждржмрзНржп ржжрж┐рзЯрзЗржЫрзЗржиред"
ржУржорж░ рж░рж╢рзАржж ржЪрзМржзрзБрж░рзА,1579102953,"рждрзЛ ржЗржжрж╛ржирж┐ржВ ржЖржкржирж╛рж░рж╛ ржХрзА ржирж┐рзЯрж╛ ржоржЬрж╛ рж▓ржи? ржорзВрж░рзНржЦрждрж╛ ржирж╛ржХрж┐ ржЕрждрж┐ржорзВрж░рзНржЦрждрж╛?
┬╖ Provide translation into English"
Shariat Rahman,1578973626,"рзй рж╣рж╛ржЬрж╛рж░ ржХрзЛржЯрж┐ ржЯрж╛ржХрж╛ ржирж┐рзЯрзЗ ржнрзЗржЧрзЗ ржпрж╛ржУрзЯрж╛ ржЧрж░рзНржмрж┐ржд ржмрзБрзЯрзЗржЯрж┐рзЯрж╛ржи ржкрзНрж░рж╢рж╛ржирзНржд рж╣рж╛рж▓ржжрж╛рж░ ржирж╛ржХрж┐ рж╣рж╛рж▓ржЯрзНрж░рж┐ржк ржирж╛ржоржХ ржПржХржЯрж╛ рж╕рзНржЯрж╛рж░рзНржЯржЖржкрзЗрж░ рзпрзж% рж╢рзЗрзЯрж╛рж░ ржХрж┐ржирзЗржЫрж┐рж▓!
рж╕рзЗржЗ рж╕рзНржЯрж╛рж░рзНржЯржЖржкрзЗрж░ ржлрж╛ржЙржирзНржбрж╛рж░ ржЖрж░рзЗржХржЦрж╛ржи ржорж╛рж▓, рж╕рзНржмрзАржХрж╛рж░ ржХрж░рждрзЗржЗ рж╣ржмрзЗред :D
ржЙрж▓рзНрж▓рзЗржЦрзНржп, рж╣рж╛рж▓ржЯрзНрж░рж┐ржк ржЫрж╛рзЬржЫрзЗ ржЙрзЬрзЛржЬрж╛рж╣рж╛ржЬ ржХрзЛржорзНржкрж╛ржирж┐ржЧрзБрж▓рзЛред рж╣рж╛рж▓ржЯрзНрж░рж┐ржкрзЗрж░ ржЪрзЗрзЯрж╛рж░ржорзНржпрж╛ржи ржкрзНрж░рж╢рж╛ржирзНржд ржХрзБржорж╛рж░ рж╣рж╛рж▓ржжрж╛рж░ рж╕рж╛рзЬрзЗ рждрж┐ржи рж╣рж╛ржЬрж╛рж░ ржХрзЛржЯрж┐ рж╣рж╛рждрж┐рзЯрзЗ ржирж┐рзЯрзЗ ржкрж╛рж▓рж┐рзЯрзЗржЫрзЗржиред ржЖрж░ ржмрзНржпржмрж╕рзНржерж╛ржкржирж╛ ржкрж░рж┐ржЪрж╛рж▓ржХ (ржПржоржбрж┐) рждрж╛ржЬржмрзАрж░ рж╣рж╛рж╕рж╛ржиржУ ржжрзЗрж╢рзЗ ржирзЗржЗред
рж░рждржирзЗ рж░рждржи ржЪрзЗржирзЗ :D
┬╖ Provide translation into English"
Riad Ashraf,1578928529,"ржирзАрж▓ржХрзНрж╖рзЗрждрзЗрж░ ржлрзБржЯржкрж╛ржд ржерзЗржХрзЗ ржПржЗрж╕ржм ржмржЗ ржЖржкржирж╛рж░рж╛ ржпрзЗржЗ ржжрж╛ржорзЗ ржХрж┐ржирзЗржи, рждрж╛рж░ ржерзЗржХрзЗржУ ржХржо ржжрж╛ржорзЗ ржкрж╛ржмрзЗржи ржирж┐ржЬрзЗрж░ ржмрж╛рж╕рж╛рзЯред
ржкрж╛ржЗржХрж╛рж░рзА ржжрж╛ржорзЗ ржХрзНрж░рзЯ ржХрж░рзЗ ржЕрждрж┐ рж╕рзНржмрж▓рзНржк рж▓рж╛ржнрзЗ ржмрж┐ржХрзНрж░рж┐ ржХрж░рж╛рж░ ржХрзНрж╖рзБржжрзНрж░ ржкрзНрж░ржЪрзЗрж╖рзНржЯрж╛ред ржкрзНрж░рждрж┐ржЯрж╛ ржмржЗ ржПрж░ ржЫржмрж┐рждрзЗ ржжрж╛ржо ржЙрж▓рзНрж▓рзЗржЦ ржХрж░рж╛ ржЖржЫрзЗред ржжрзЗржЦрждрзЗ ржкрж╛рж░рзЗржиред ржзржирзНржпржмрж╛ржжред
ржмрж┐ржГржжрзНрж░ржГ ржкрзЗржЗржЬрзЗрж░ ржлржЯрзЛржЬ ржП ржЧрзЗрж▓рзЗ ржжрзЗржЦржмрзЗржи ржЖрж░рзЛ ржмрж┐ржнрж┐ржирзНржи ржЬржирж░рж╛рж░ ржмржЗ ржПрж░ ржЫржмрж┐ ржжрзЗрзЯрж╛ ржЖржЫрзЗред
┬╖ Provide translation into English"
Nafiul Haque,1579200597,"An excellent write up on how to pursue Permanent Residency by Research (NIW) by Feroze Rashid (07, Civil) Currently working at TNDOT
Journey by NIW: A Personal Story
By Feroze Rashid
My petition for National Interest Waiver (NIW) was approved by US Customs and Immigration Services (USCIS) on Nov 07, 2018. After long one year of waiting, the decision came on that good day. It has been a great day and I say alhamdulillah-all praise is for Allah.
I applied for NIW on November 15th, 2017. USCIS received my application on 20th of the same month. They requested for further evidence in support of the case on July 27th, 2018. I responded back to them on October 22nd, 2018. After reviewing my response, they approved my petition on September 11th, 2018. A total of 353 days were taken to adjudicate my application to come up with a final decision.
Employment Based (EB) visa application is a popular way to obtain a permanent work permit or ""green card"" in the United States of America. The most popular and well approached process to get EB visa is to go through what it is called as тАЬcompany sponsorship.тАЭ Companies in the US recruit hundreds thousands of foreign employees every year. The US government accepts applications from eligible companies to provide their employees permanent work permit in each year. A successful applicant is issued a ""Labor Certificate"" by the US Department of Labor (DOL). The labor certificate enables the applicant to apply for a green card and become a Lawful Permanent Resident (LPR). With the increasing number of such applicants, and a federal mandate not to harm US workforce by such foreign workers, the EB process has become more complex in the recent years. The US govt. has to balance between the foreign workforce supply and protecting its own citizens' jobs. For this reason, an EB visa applicant has to go through strict regulations set up by the government. Overall, this process is extremely vetted. As a result, local companies with small workforce normally do not show interest in hiring international students, like me, if they don't have a green card already.
However, there has always been an alternative solution to each problem. The US government has a system put in place to provide work visas to foreign people with exceptional ability. This is also an employment based (EB) visa category; except that it doesn't require a candidate to go through a company sponsorship to obtain the visa. This may be the reason of the popular name of this system as ""self-sponsored"" visa program. Under this program a foreign national with an advanced degree and/or exceptional ability can apply to the USCIS to waive the requirement of a labor certificate. The USCIS examines the applicant's credibility to see if waiving the requirement of a labor certificate will be beneficial for the US, given his/her advanced degree and/or the exceptional ability. Here, the potential of a high skilled and/or talented person is weighed against possible replacement of a US citizen worker for the sake of overall national interest. If the USCIS finds letting the foreign worker stay within US will ultimately benefit the nation in future, the petition gets approved. In other words, the USCIS declares, for the sake of national interest, the petitioner has been waived from the requirement of a labor certificate to apply for a green card. Officially, this process is named as EB-2 NIW visa category.
An NIW applicant has to meet a few basic criteria. The person applying under this category has to have an advanced degree to be eligible for NIW. An advanced degree is defined by USCIS as a Master or a PhD degree. Additionally, the person needs to have some ""exceptional ability,"" which the national interest will be weighed against. The exceptional ability could be one's research works, projected outcome of current works, possible creation of jobs in a locality, probable social impact towards future, scientific invention, proven or expected technological advancement, economic impact of current or proposed works, a high ranked job offer based on current or previous work(s), or anything that may have a positive impact on the society, local population, national progress, or at a global level. There is actually no definitive description of what it is called ""national interest."" If any person is deemed to advance the nation in such a way that a US citizen with similar educational background may not be able to perform the same task with a similar efficiency, he/she may be evaluated as of national interest. To be a success for this category, all an applicant must do is to know what he/she is doing. It's more like know yourself, get a better idea of who you are, what you are doing, and what you are capable of. That's it. The US will let you stay as long as you want.
I applied for a national interest waiver considering all the risk associated with it. For me, it was a big jump; a risky move that might have changed my course in an unexpected way. My credential was enough to qualify for this category; however, there has always been a difference between ""eligibility"" and ""normality."" Mine was eligible, but it was NOT in a typical class of ""NIW approved"" cases. Let me explain here why it was not a typical case to get approved for an NIW category. I will also describe the risk associated with it considering my status in the US.
The webpage at the address тАЬhttps://www.uscis.gov/тАж/employment-based-immigration-secondтАжтАЭ details the NIW category and its requirements. The first criterion of this system is to have an advanced degree. As I mentioned earlier, this is an EB-2 category. As its name implies, the applicant has to have a job, or a job offer, or on a path to get a job in near future. The job in discussion here must require an advanced degree. An ""Advanced Degree"" is defined by USCIS as a graduate degree (a Masters or a PhD). People with a baccalaureate degree with at least five years of progressive experience in the relevant field also qualify for this category as long as the education criterion concerned. In addition to the degree requirement, USCIS also requires any application to provide evidence of ""Exceptional Ability"" and ""... the interest of the United States ...."" These two criteria do not have any specific definition. So, an applicant has to provide arguments in favor of them to prove his/her exceptional ability can benefit USA without harming the country's own workforce. In other words, the applicant will have to prove his/her worthiness over a US citizen with a similar academic background. It is easy to argue that PhD graduates have unique ways to serve the nation as the degree holds the highest position in the field of academia, research, science, and technology. The reason of their uniqueness lies in the basics of a PhD degree. It is a requirement to have some unique contribution to the field of interest for the PhD degree to be awarded. So, each PhD holder has something unique in his/her collection. A lot of the basics for recent inventions or technological advancement come from someone's PhD research and dissertation. These people are the primary recipient of EB-2 NIW advantages. They have a lot of publications, a lot of other people refer to these published research works, and most importantly each PhD has something unique that can't be replaced with another PhD. Although, a shortage of americans in a field has never been qualifying evidence of eligibility for the NIW (http://railaw.com/eb-2-national-interest-waiver/), a shortage in a specific field creates more opportunity to make fundamental contributions. And, if USA has shortage in any field, that would be doctoral degrees. USA has thousands of colleges and universities, which require teachers and professors to run their ""everyday operations."" Although competition is everywhere, there is always an opportunity to be a researcher or an academician especially for someone who has a PhD degree. Most of the graduate students of USA are of foreign origin with a good number of them from Asian countries. These doctorates (and doctoral candidates) apply for NIW by focusing on their work area and most of the times get approved.
For me, I abandoned the idea of being a PhD graduate right after I understood how tough it is to be an American university professor. If I donтАЩt want to be an academician, there is not much justification for me to go for a PhD in Civil Engineering. So, I started my Mission: Job Hunt immediately after getting my master's degree and joined TDOT in June 2017. TDOT made it clear even before I joined here, that the State of TN doesn't provide work visa assistance to its foreign workers. So, everyone was freakily asking me, why I decided to join TDOT. There are 99 reasons to back my decision. One of them is because I was thinking about a possible NIW petition. If you haven't figured out yet, here is the reason of why my NIW case is not a typical accepted NIW petitions. I don't have a PhD degree. So, it would be hard for me to prove my exceptional ability to serve the nation. But, guess what, I did prove my case eventually. There are opportunities for everyone.
My case was focused on my academic background and my current job. My two strengths for this case were i) serving the nation through a state job and ii) the recommendation letters. Serving the people of Tennessee has always been a position of national interest. Also, the State of Tennessee has a fair recruitment process to employ the best candidates through a 3 step selection procedure. This procedure helped me pointing at my superiority over a pool of similar professionals during recruitment. In addition to the importance of my position, the recommendation letters elaborated my potential to serve the nation. The people who wrote recommendation letters marked me as a person, who has interest in national betterment. One of these people is my academic advisor and masterтАЩs thesis supervisor Dr. Zahid Hossain. Previously, I mentioned that I changed my mind about being a PhD student in the middle of my MS study. However, I didn't stopped working at that time. From my masterтАЩs study, I had a good number of scientific articles published in renowned journals and presented in different conferences. These publications wouldn't be possible without pro-active cooperation from my professor. My strengths and willingness to make a difference got reflected in his recommendation letter. I could get that MS certificate with a lower number articles produced. However, I always knew that even if I did some extra work, it gets added to my cart. No effort is ever wasted. Here or in the afterlife, it always comes back. I also got recommendation letters from Dr. Ashraf Elsayed, PE (stAte), Mr. Brian Egan, PE (TDOT), Mr. Robert Jowers, PE (TDOT), Mr. Travis W. Smith, PE (TDOT), Mr. Jonathan Vest, PE (TDOT), Dr. Musharraf Zaman, PE (OU), and Dr. Hong Park (TDOT). Among them, each of Mr. Jowers and Mr. Vest provided a second recommendation letter on request to satisfy USCIS's query. I thank them all for making time to write valuable comments about me. These letters eventually helped me pass the big step.
Earlier, I mentioned it was a big jump for me to go for NIW petition and hold on to the idea for a whole year. This is the best place to elaborate that statement. The risk I am talking about is not the risk of NIW procedure. It's true that there is always a chance of getting an unexpected response on these cases. That is not the risk. The risk is the consequences of a negative response from USCIS on my future days.
As an STEM student, we get a total of 36 months of working opportunities within the US after our graduation. This time is known as Optional Practical Training or OPT. All the international students in USA gets initial 12 months of OPT time after their graduation. Students from Science, Technology, Engineering, and Mathematics (abbreviated as STEM) gets 24 months of extended work permit after the initial 12 months of OPT time. This is the golden opportunity for international students to build their career in the US. In addition to that, everyone tries to get a permanent work permit within this 12 or 36 months. To get a permanent or long term work authorization, an OPT student has to start immigration visa processing as student visa doesn't allow to work in the States for long term. Among multiple types of work visas, the most popular one is H1-B visa. For an H1-B visa, an employer has to sponsor its employee(s) and only then the employee (here, an international student who just started working for the company) can apply for a work permit to USCIS. Because of an unusually high number of such applications, USCIS holds a random lottery to name the lucky picks. This opportunity to apply for H1-B visa comes once a year in April. So, if someone, who missed the lottery in April of this year will have to wait until April of next year. Theoretically, an STEM student can have maximum 3 trials for H1-B visa. Often times it's only two trials. If a student graduates in the Fall semester (graduation time: early December) and waits a couple months to find a job, he/she might not able meet the April deadline in the first year of his/her OPT. This exact scenario happened to me in 2017. I graduated in December 2016 and joined TDOT in June 2017. It is pretty common to get the first job offer after 3-4 months of graduation. So, I missed my first H1-B application window. Now that TDOT won't sponsor my immigration visa, to be able to apply for H1-B, I would have to leave TDOT and get a job with a ""sponsoring"" company before April of 2018. Normally, all the sponsoring companies want to evaluate the efficiency of its employee by observation of at least a couple months before willing to sponsor. This eventually makes me leaving TDOT by the end of 2017 if I decided to go for H1-B visa. Now, there was a problem changing company around December of 2017. My initial OPT ends in February 9, 2018. To get my STEM OPT extension, I would have to apply 90 days before the expiration of initial OPT. So, my application date would be around November 15, 2017. After applying for STEM OPT, it would take a minimum of 90 days to get it approved. It is advised not to change employer within this transition as it calls for further processing. So, for H1-B, I would have to leave my first job at the end of October 2018 (5 months from joining). Considering everything, I decided to stay at TDOT for at least one year and skip the H1-B application in April 2018. So, options for my long term career in USA became dependent on a single shot of H1-B lottery in April 2019 or employment based green card through a sponsoring company or a self-sponsored green card petition or NIW. I have had no luck in lotteries in my whole life. For that reason, I was looking for some other options. No company sponsors for a green card for an unexperienced worker like me. Only remaining option is apply for an NIW. An NIW application for an MS graduate is not typical, high risk of negative response and costs a lot of legal fees. Also, there is no expedited processing of visa application for NIW cases. So, I apply for NIW, I am stuck with my current job until a decision comes in. And money was also a concern as I just started my career. I got married one month before I joined TDOT. On top of that, my family in Bangladesh depends on my income. It was a very tough situation for my mind. I had to take all of recent decision all by myself. My mother is an amazing woman who supported me no matter what my decision was. My brother always backed me for any new experience. But none of them had an experience or idea of what I was going through. All I knew was it had to be my decision, and nobody would be upset at me whatever I decided. Between two available options of switching job for an H1-B lottery and applying for an NIW, I had to choose one, and it had to be quick. As the visa procedure of H1-B is purely based on luck, my merits wonтАЩt be too much helpful. On the other hand, NIW evaluates on a typical basis of merits of PhD degree holders. One way or another, I was in a position where not much thing was under my control. So, I decided to jump. As I have to jump, I decided to jump big. I applied for an NIW.
I discussed my options with my mom. It was more like informing her about the risks of disapproval of the petition that I was going to make. I also discussed about how I would handle my finances as I would have to pay a good amount of legal fees on top of the credit card loan I made during my last visit to Bangladesh. The worst case scenario, I would have to go for a PhD or I would have to leave USA to live in Bangladesh. My mother understood and kept faith in my ability. I let my wife know that I might have to leave USA permanently in a couple of years. She said, she doesnтАЩt have a problem. She also mentioned leaving USA would be even a better solution. Having nothing to lose, I started working on my NIW case in July 2017. I submitted my petition in November 2017. It took one long year to get the adjudication. While cases filed around my same time got their decisions within 4-6 months, I got a letter of Request for Further Evidence (RFE) after 8 months of initial application. I donтАЩt know why, but my luck always comes late. Waiting for a decision for a long year is really tough when you have only one more year to get into a highly backdated lottery system of work visa. I got frustrated in the meantime and decided to go back Bangladesh after my current OPT STEM Ext. work permit, which ends in Feb 2020. Often time I discussed with my wife about what I would do after going back to Bangladesh. She always encouraged me to go back and start a new career. However, an expected result came out of my high-risk-big-jump. My case got approved on November 08, 2018. What a relief! Everything looks easy now as I got my petition approved.
I hope that my life experience would help others decide to jump big. We all will be successful in our own ways. All we have to do is set a target crystal clear and go for it. A target big enough for you to relax if you succeed, a target clear enough to take a detour if you hit a roadblock. One way or another, we should be there."
ржЦржирзНржжржХрж╛рж░ рж░ржмрж┐ржЙрж▓ рж╣рж╛рж╕рж╛ржи ржкрзНрж▓рж╛ржмржи,1579170862,"ржХржиржнрзЛржХрзЗрж╢ржирзЗрж░ ржЧрж╛ржЙржи ржЬржорж╛ ржжрзЗрзЯрж╛ рж╣рзЯрзЗржЫрзЗред ржЬржорж╛ ржжрзЗрзЯрж╛рж░ рж░рж╢рж┐ржж рж╕рж╛ржерзЗ ржЖржЫрзЗ ред ржПржЦржи ржорзБрж▓ рж╕ржиржжржкрждрзНрж░ рждрзБрж▓рждрзЗ ржХрж░ржгрзАрзЯ ржХрж┐ ? ржмрзБрзЯрзЗржЯрзЗ ржХржЦржи ржЧрзЗрж▓рзЗ ржЧрж┐рзЯрзЗ ржирж┐рзЯрзЗ ржЖрж╕рж╛ ржпрж╛ржмрзЗ ?
┬╖ Provide translation into English"
Anik Hasan,1578925234,"Anyone in Bangladesh Police here? I desperately need some help about a police clearance.
Thanks in Advance.
┬╖ Provide translation into Bengali"
рж╢рж╛рж╣рж╛ржжрж╛рзО ржорж┐ржарзБ,1579154980,"ржЖржорж░рж╛ 'рзпрзи ржмрзНржпрж╛ржЪрзЗрж░ ржХржорзНржкрж┐ржЙржЯрж╛рж░ ржмрж┐ржнрж╛ржЧрзЗрж░ ржЖржорж╛ржжрзЗрж░ ржмржирзНржзрзБ рж╢рж╛рж╣ ржЖрж╕рж╛ржжрзБржЬрзНржЬрж╛ржорж╛ржи ржЕрж▓рзНржк ржХрж┐ржЫрзБржХрзНрж╖ржг ржЖржЧрзЗ ржЗржирзНрждрзЗржХрж╛рж▓ ржХрж░рзЗржЫрзЗржиред
ржЗржирзНржирж╛ рж▓рж┐рж▓рзНрж▓рж╛рж╣рж┐ ржУрзЯрж╛ ржЗржирзНржирж╛ ржЗрж▓рж╛ржЗрж╣рзЗ рж░рж╛ржЬрзЗржЙржиред
ржЖрж╕рж╛ржж ржХрзЛрж▓ржи ржХрзНржпрж╛ржирзНрж╕рж╛рж░рзЗ ржЖржХрзНрж░рж╛ржирзНржд рж╣рзЯрзЗ ржХрзНржпрж╛рж▓рж┐ржлрзЛрж░рзНржирж┐рзЯрж╛рж░ ржПржХржЯрж┐ рж╣рж╛рж╕ржкрж╛рждрж╛рж▓рзЗ ржЪрж┐ржХрж┐рзОрж╕рж╛ржзрзАржи ржЫрж┐рж▓рзЗржиред
ржорж░рж╣рзБржорзЗрж░ рж░рзБрж╣рзЗрж░ ржорж╛ржЧржлрж┐рж░рж╛ржд ржПрж░ ржЬржирзНржп рж╕ржХрж▓рзЗрж░ ржирж┐ржХржЯ ржжрзЛрзЯрж╛ ржкрзНрж░рж╛рж░рзНржерзАред
┬╖ Provide translation into English"
Nazwa Tahsin,1579267244,"#Hall
ржмржХрзНрждржмрзНржп :
""ржЖржорж┐ (ржмрзБрзЯрзЗржЯ ржЫрж╛рждрзНрж░рзА рж╣рж▓) TV room - 1 ржП ржерж╛ржХрж┐ред рзи ржорж╛рж╕ ржЖржЧрзЗ ржХржоржирж░рзБржорзЗрж░ ржмрж╛ржЗрж░рзЗ ржЕржирзЗржХржЧрзБрж▓рзЛ ржЧрж╛ржЫ рж▓рж╛ржЧрж╛ржЗ (ржЯржмрзЗ) ред ржПржЗ ржХрж╛рж░ржгрзЗ ржЧржд рзи ржорж╛рж╕рзЗ ржорж┐ржирж┐ржорж╛ржо рзн-рзо ржмрж╛рж░ ржЦрж╛рж▓рж╛рж░ ржмржХрж╛ рж╢рзБржирждрзЗ рж╣рзЯрзЗржЫрзЗред рж╣рж▓рзЗрж░ ржХрзЛржирзЛ рж╕рзНржпрж╛рж░ ржирж╛ржХрж┐ ржЦрж╛рж▓рж╛ржХрзЗ ржмрж▓рзЗржЫрзЗ ржЖржорж╛ржХрзЗ warn ржХрж░рждрзЗред рждрж╛ржЗ ржЙржирж┐ ржЖржорж╛ржХрзЗ ржмрж▓рзЗржЫрзЗржи, "" ржПржЯрж╛ рждрзЛ ржЖржкржирж╛рж░ ржмрж╛рж╕рж╛ ржирж╛ ржпрзЗ ржПрждрзЛ ржЧрж╛ржЫ рж▓рж╛ржЧрж╛ржмрзЗржи"" ""ржХржоржи рж░рзБржо ржПрж░ рж╕рж╛ржоржирзЗ ржЧрж╛ржЫ рж░рж╛ржЦрж╛ ржпрж╛ржмрзЗ ржирж╛ред ржЕржирзЗржХ ржЖржкрзБрж░рж╛ржЗ ржХржоржирж░рзБржорзЗ ржерзЗржХрзЗ ржЧрзЗржЫрзЗ ржХрж┐ржирзНрждрзБ рждрж╛рж░рж╛ рждрзЛ ржПржоржи ржЫрж┐рж▓ ржирж╛ред"" ""ржЖржкрзБржжрзЗрж░ рж╕ржорж╕рзНржпрж╛ рж╣рзЯ ржЧрж╛ржЫрзЗрж░ ржЬржирзНржп""ред ржЖржорж┐ ржЬрж╛рж╕рзНржЯ ржПржХржЯрж╛ ржХржерж╛ржЗ ржмрж▓ржЫрж┐рж▓рж╛ржо, ""ржПржЦржи ржЖржорж┐ ржХрж┐ ржХрж░ржм ржмрж▓рзЗржи? ржЖржорж┐ рзз ржмржЫрж░ рж╣рзЯрзЗ ржпрж╛ржЪрзНржЫрзЗ рж░рзБржо ржкрж╛ржЪрзНржЫрж┐ ржирж╛ рждрж╛ржЗ ржХржоржирж░рзБржорзЗрж░ ржмрж╛ржЗрж░рзЗ ржЫрж╛рзЬрж╛ ржХрзЛржерж╛ржУ ржЧрж╛ржЫ рж░рж╛ржЦрждрзЗ ржкрж╛рж░ржм ржирж╛ред ржЖрж░ ржЧрж╛ржЫ ржХрзЗржирж╛рж░ ржЖржЧрзЗ ржПржоржи ржирж┐рзЯржо ржЬрж╛ржирж▓рзЗ ржЖржорж┐ ржХрж┐ржирждрж╛ржо ржирж╛ред ржПржЦржи ржЧрж╛ржЫ ржХрж┐ржирзЗ ржлрзЗрж▓рзЗржЫрж┐, ржлрзЗрж▓рзЗ ржжрж┐рждрзЗ рждрзЛ ржкрж╛рж░ржм ржирж╛ред"" ржПржЯрж╛ ржмрж▓рж╛рж░ ржкрж░рзЗржУ ржЙржирж┐ ржпржЦржирж┐ ржЖржорж╛ржХрзЗ рж╕рж╛ржоржирзЗ ржкрж╛ржи рждржЦржирж┐ ржЭржЧрзЬрж╛ ржХрж░рзЗржиред ржЧрж╛ржЫ рж▓рж╛ржЧрж╛ржирзЛржУ ржпрзЗ ржЦрж╛рж░рж╛ржк ржХрж╛ржЬрзЗрж░ ржорж╛ржЭрзЗ ржкрж░рзЗ рж╕рзЗржЯрж╛ ржПржЦрж╛ржирзЗ ржирж╛ ржЖрж╕рж▓рзЗ ржЬрж╛ржирждрзЗ ржкрж╛рж░рждрж╛ржо ржирж╛рж╣редред
рж╕рждрзНржпрж┐ ржмрж▓рждрзЗ ржмрзБрзЯрзЗржЯржХрзЗ рж╕ржмрж╕ржорзЯ ржЖржорж┐ рж░рзБрж▓рж╕ рж░рзЗржЧрзБрж▓рзЗрж╢ржирзЗрж░ ржЬржирзНржп рж╕ржмрж╛рж░ ржЙржкрж░рзЗ рж╕рзНржерж╛ржи ржжрж┐рждрж╛ржоред ржХрж┐ржирзНрждрзБ ржПржЗ ржШржЯржирж╛ржЯрж╛рж░ ржкрж░ ржЖржорж┐ ржЖрж░ ""ржмрзБрзЯрзЗржЯржХрзЗ ржнрж╛рж▓ржмрж╛рж╕рж┐"" ржПржЯрж╛ ржмрж▓рзЗ ржЧрж░рзНржм ржХрж░рждрзЗ ржкрж╛рж░ржЫрж┐ ржирж╛редред
ржЧрж╛ржЫ рж▓рж╛ржЧрж╛ржирзЛрж░ ржмрзНржпрж╛ржкрж╛рж░ржЯрж╛ рж╣рзЯрждрзЛ ржЕржирзЗржХрзЗ рждрзБржЪрзНржЫ ржХрж░рзЗ ржжрзЗржЦрзЗржи ржмрж╛ржЯ ржЖржорж╛рж░ ржХрж╛ржЫрзЗ ржоржирзЗ рж╣рзЯ ржЧрж╛ржЫ ржЖрж░ ржмржЗржХрзЗ ржпрж┐ржирж┐ ржирж╛ ржХрж░рзЗржи рждрж╛рж░ ржжрж░ржХрж╛рж░ ржирж╛ржЗ ржПржЗ ржкрзГржерж┐ржмрзАрждрзЗредредред"""
Milon Syed,1579271584,"ржПржЗ рж░ржХржо ржУрзЯрж╛ржЬ ржХрж┐ржбрж╛ ржХрж┐ржбрж╛ ржХрж░рждрж┐ ржкрж╛рж░ржмрзЗржирзЗржи?
┬╖ Provide translation into English"
Ishika Ime,1579195080,"ржкрзНрж░рж╕ржЩрзНржЧржГ ржЫрж╛рждрзНрж░рзА рж╣рж▓ ржУ ржПржЯрж╛ржЪржб ржмрж┐рзЬржорзНржмржирж╛
ржШржЯржирж╛ рзз ржГ ржЖржирж┐ржХрж╛ ржЖрж░ ржЖрзЯрзЗрж╢рж╛ ржжрзБржЗржЬржи рззрзо ржмрзНржпрж╛ржЪрзЗрж░ ржЫрж╛рждрзНрж░рзА рж╣рж▓рзЗрж░ ржПржЯрж╛ржЪржб ред ржЖржирж┐ржХрж╛рж░ ржмрж╛рж╕рж╛ ржорж┐рж░ржкрзБрж░ ржЖрж░ ржЖрзЯрзЗрж╢рж╛рж░ ржмрж╛рж╕рж╛ ржоржЧржмрж╛ржЬрж╛рж░ ред рждрж╛рж░рж╛ ржПрж░ ржЖржЧрзЗ ржПржкрзНрж▓рж╛ржЗ ржХрж░рзЗржУ рж╣рж▓рзЗ рж╕рж┐ржЯ ржкрж╛рзЯржирж╛ржЗ ред ржПржХржжрж┐ржи ржЬрж░рзБрж░рж┐ ржХрж╛рж░ржирзЗ рж░рж╛ржд рзпржЯрж╛ ржмрж╛ржЬрзЗ ,рждржЦржирзЛ рждрж╛рж░рж╛ ржХрзНржпрж╛ржоржкрж╛рж╕рзЗред ржПржд рж░рж╛рждрзЗ ржмрж╛рж╕рж╛рзЯ ржлрзЗрж░рж╛рж░ ржХрзЛржи рж░рж╛рж╕рзНрждрж╛ ржирж╛ржЗ, рждрж╛ржЗ рждрж╛рж░рж╛ рж╣рж▓рзЗ ржПржХржЬржи рж░рзЗрж╕рж┐ржбрзЗржирзНржЯрзЗрж░ рж░рзЗржлрж╛рж░рзЗржирзНрж╕рзЗ рждрж╛рж░ рж░рзБржорзЗ ржерж╛ржХрждрзЗ ржЪрж╛ржЗрж▓ред ржХрж┐ржирзНрждрзБ ржЧрзЗржЯрзЗ ржврзБржХрж╛рж░ рж╕ржорзЯ рждрж╛ржжрзЗрж░ ржЖржЯржХрж╛ржирзЛ рж╣рж▓рзЛ ржЖрж░ ржПржЯрж╛ржЪржб рж╢рзБржирзЗ ржврзБржХрждрзЗ ржжрж┐рж▓ ржирж╛ред
ржЧрзЗржЯрзЗрж░ ржЦрж╛рж▓рж╛ ржмрж▓рж▓ , ржЖржкржирж╛рж░рж╛ рж╣рж▓рзЗ ржерж╛ржХрждрзЗ ржкрж╛рж░ржмрзЗржи ржирж╛ред ржПржЯрж╛ рж╢рзБржирзЗ ржЖрзЯрзЗрж╢рж╛ ржмрж▓рж▓, ржПржд рж░рж╛рждрзЗ ржмрзЗрж░ ржХрж░рзЗ ржжрж┐рж▓рзЗ ржЖржорж░рж╛ ржХрзЛржерж╛рзЯ ржпрж╛ржм? ржЖржорж╛ржжрзЗрж░ ржмрж╛рж╕рж╛ ржЕржирзЗржХ ржжрзВрж░рзЗ, ржЖржорж░рж╛ ржПржкрзНрж▓рж┐ржХрзЗрж╢ржи ржХрж░рж┐ , ржЖржорж╛ржжрзЗрж░ ржерж╛ржХрждрзЗ ржжрж┐ржиред ржЦрж╛рж▓рж╛ рждржЦржи рждрж╛ржжрзЗрж░ ржХрзЗ ржПрж╕рж┐рж╕рзНржЯрзЗржирзНржЯ ржкрзНрж░ржнрзЛрж╕рзНржЯрзЗрж░ ржХрж╛ржЫрзЗ ржирж┐рзЯрзЗ ржЧрзЗрж▓ред
ржорзНржпрж╛ржо ржУ ржмрж▓рж▓рзЗржи ржпрзЗ рждрж╛рж░рж╛ ржерж╛ржХрждрзЗ ржкрж╛рж░ржмрзЗ ржирж╛ред ржХржерж╛рзЯ ржХржерж╛рзЯ ржЖрзЯрзЗрж╢рж╛ ржмрж▓рзЗ ржлрзЗрж▓рж▓ рж╕рзЗ ржЖржЧрзЗрж░ржжрж┐ржи ржУ ржЫрж┐рж▓ рж░рж╛рждрзЗ, ржУржЗржжрж┐ржи ржУ ржЕржирзЗржХ рж░рж╛ржд рж╣рзЯрзЗ ржЧрзЗржЫрж┐рж▓ (ржЙрж▓рзНрж▓рзЗржЦрзНржп ржУржЗржжрж┐ржи ржЦрж╛рж▓рж╛ ржЫрж┐рж▓ ржирж╛) ржПржЯрж╛ рж╢рзБржирзЗ ржЙржирж┐ ржЦрзЗржкрзЗ ржЧрзЗрж▓рзЗржи , рж╕рж╛ржерзЗ рж╕рж╛ржерзЗ ржкрзНрж░ржнрзЛрж╕рзНржЯ ржорзНржпрж╛ржоржХрзЗ ржлрзЛржи ржжрж┐рзЯрзЗ ржЬрж╛ржирж╛рж▓рзЗржи ржмрж┐рж╖рзЯ ржЯрж╛, ржкрзНрж░ржнрзЛрж╕рзНржЯ ржорзНржпрж╛ржо ржЙржирж╛ржХрзЗ ржмрж▓рж▓рзЗржи, ржпрзЗ рж░рзБржорзЗ ржЖрзЯрзЗрж╢рж╛ ржЫрж┐рж▓, ржУржЗ рж░рзБржорзЗрж░ ржорзЗрзЯрзЗрж░ рж╕рзАржЯ ржХрзЗржЯрзЗ рж░рзЗржЦрзЗ ржжрж┐рждрзЗ, ржЖрж░ ржЖржирж┐ржХрж╛ ржЖрж░ ржЖрзЯрзЗрж╢рж╛рж░ рж░рзЛрж▓ ржирж╛ржорзНржмрж╛рж░ ржЖрж░ ржмрж╛ржмрж╛рж░ ржлрзЛржи ржирж╛ржорзНржмрж╛рж░ рж▓рж┐ржЦрзЗ рж░рж╛ржЦрждрзЗред
ржПрж░ржкрж░ ржПрж╕рж┐рж╕рзНржЯрзЗржирзНржЯ ржкрзНрж░ржнрзЛрж╕рзНржЯ ржорзНржпрж╛ржо рждрж╛ржжрзЗрж░ рж░рзЛрж▓ ржЖрж░ ржмрж╛ржмрж╛рж░ ржирж╛ржорзНржмрж╛рж░ ржирж┐рж▓рзЗржиред ржПрждрзЗ ржЖрзЯрзЗрж╢рж╛ ржЖрж░ ржЖржирж┐ржХрж╛ ржнрзЯ ржкрзЗрзЯрзЗ ржЧрзЗрж▓ ржЖрж░ ржЙржирж╛ржХрзЗ ржЕржирзЗржХ рж░рж┐ржХрзБрзЯрзЗрж╕рзНржЯ ржХрж░рж▓ , рж░рзЗрж╕рж┐ржбрзЗржирзНржЯрзЗрж░ ржпрзЗржи ржХрзЛржи ржХрзНрж╖рждрж┐ ржирж╛ ржХрж░рзЗред ржХрж┐ржирзНрждрзБ ржорзНржпрж╛ржо ржкрзНрж░ржЪрзБрж░ ржмрж┐рж░ржХрзНржд рж╣рж▓рзЗржи ржЖрж░ ржУржЗ ржорзБрж╣рзБрж░рзНрждрзЗ ржУржжрзЗрж░ ржмрзЗрж░ рж╣рзЯрзЗ ржпрзЗрждрзЗ ржмрж▓рж▓рзЗржиред рждрж╛рж░рж╛ ржЖржмрж╛рж░ ржХрж╛ржирзНржирж╛ ржХрж░рзЗ ржЕржирзЗржХ рж░рж┐ржХрзБрзЯрзЗрж╕рзНржЯ ржХрж░рж▓, ржорзНржпрж╛ржо рждржЦржи ржкрзНрж░ржЪрзБрж░ рж░рзЗржЧрзЗ ржЧрж┐рзЯрзЗ ржмрж▓рж▓рзЗржи, тАЬржжрзЗржЦрждрзЗржЫрзЛ ржирж╛ ржХрзБрж░ржЖржи рж╢рж░рзАржл ржкрзЬрж╛рж░ ржЪрзЗрж╖рзНржЯрж╛ ржХрж░рждрзЗржЫрж┐? рждрзЛржорж╛ржжрзЗрж░ ржЬржирзНржп ржкрзЬрждрзЗ ржкрж╛рж░ржм ржирж╛ ржирж╛ржХрж┐? ржмрж╛ржмрж╛ ржорж╛ ржХрж┐ржЫрзБ рж╢рзЗржЦрж╛рзЯ ржирж┐? ржмрзЗрзЯрж╛ржжржк ржорзЗрзЯрзЗ!! ржПржХрзНрж╖ржирж┐ ржмрзЗрж░ рж╣рзЯрзЗ ржпрж╛ржУ ржПржЗ ржорзБрж╣рзБрж░рзНрждрзЗредтАЬ ( ржПржЗ рж▓рж╛ржЗржи ржЧрзБрж▓рзЛ ржПржХржжржо рж╕рж┐ржЙрж░ рж╣рзЯрзЗ рждрж╛ржжрзЗрж░ ржХрж╛ржЫ ржерзЗржХрзЗ рж╢рзБржирзЗ ржирзЗрзЯрж╛ )
рждрзЛ ржПрж░ржкрж░ рждрж╛рж░рж╛ ржмрж╛ржзрзНржп рж╣рзЯрзЗ ржУржЗ ржорзБрж╣рзБрж░рзНрждрзЗ рж╣рж▓ ржерзЗржХрзЗ ржмрзЗрж░ рж╣рзЯрзЗ ржЖрж╕рзЗ, ржПрж╕рзЗ рж░рж╛рж╕рзНрждрж╛рж░ ржлрзБржЯржкрж╛рждрзЗ ржмрж╕рзЗ ржерж╛ржХрзЗ ржЕржирзЗржХ рж░рж╛ржд ржкрж░рзНржпржирзНрждред ржЖрзЯрзЗрж╢рж╛рж░ ржорж╛ ржПрж╕рзЗ ржПрж░ржкрж░ ржУржжрзЗрж░ ржжрзБржЗржЬржи ржХрзЗ ржирж┐рзЯрзЗ ржпрж╛рзЯ ред ржЖрж░ ржкрзНрж░ржнрзЛрж╕рзНржЯ ржорзНржпрж╛ржо ржПрждрзЗржЗ ржХрзНрж╖рж╛ржирзНржд рж╣ржи ржирж┐, рж░рзЗрж╕рж┐ржбрзЗржирзНржЯ ржУржЗ ржорзЗрзЯрзЗ ржХрзЗржУ ржбрзЗржХрзЗ ржпрж╛ ржЗржЪрзНржЫрж╛ рждрж╛ржЗ рж╢рзБржирж╛ржи , ржУрж░ рж╕рзАржЯ ржХрзНржпрж╛ржирзНрж╕рзЗрж▓ ржХрж░рзЗ ржжрзЗржУрж╛рж░ рж╣рзБржоржХрж┐ ржжрзЗржи ред
ржШржЯржирж╛ рзиржГ ржЖржорж╛рж░ ржмрж╛рж╕рж╛ржУ ржорж┐рж░ржкрзБрж░, ржЗрж░рж╛рж░ ржмрж╛рж╕рж╛ рж░рж╛ржоржкрзБрж░рж╛ред ржЖрж░ ржЖржорж┐ржУ ржПржкрзНрж▓рж╛ржЗ ржХрж░рзЗ рж╕рж┐ржЯ ржкрж╛ржЗржирж╛ржЗ рж╣рж▓рзЗред ржЖржорж╛рж░ ржЖрж░ ржЗрж░рж╛рж░ ржПржХржжрж┐ржи ржЬрж░рзБрж░рж┐ ржХрж╛рж░ржирзЗ ржХрзНржпрж╛ржорзНржкрж╛рж╕рзЗ ржерж╛ржХрждрзЗ ржерж╛ржХрждрзЗ рж╕ржирзНржзрзНржпрж╛ рж╣рзЯрзЗ ржпрж╛ржУрж╛рзЯ рж╣рж▓рзЗрж░ рж░рзЗрж╕рж┐ржбрзЗржирзНржЯ ржлрзНрж░рзЗржирзНржб рж░рж╛ ржмрж▓рж▓ рж╣рж▓рзЗ ржЧрж┐рзЯрзЗ ржерж╛ржХрждрзЗред рж╣рж▓рзЗ ржврзБржХрж╛рж░ рж╕ржорзЯ ржпржерж╛рж░рзАрждрж┐ ржЖржЗржбрж┐ ржЪрзЗржХ ржХрж░рж╛рж░ ржкрж░ ржЖржорж░рж╛ ржПржЯрж╛ржЪржб рж╢рзБржирзЗ ржЦрж╛рж▓рж╛ ржмрж▓рж▓ ,тАЭржЖржкржирж╛рж░рж╛ ржврзБржХрждрзЗ ржкрж╛рж░ржмрзЗржи ржирж╛, ржмрж╛рж╕рж╛рзЯ ржЪрж▓рзЗ ржпрж╛ржиред ржЖржорж┐ ржмрж▓рж▓рж╛ржо ржЖржорж╛рж░ ржмрж╛рж╕рж╛ ржорж┐рж░ржкрзБрж░ , ржЖржорж░рж╛ ржЖржЬржХрзЗ ржерж╛ржХрж╛рж░ ржЬржирзНржп ржПржкрзНрж▓рж┐ржХрзЗрж╢ржи ржХрж░рждрзЗ ржЪрж╛ржЗред ржЙржирж┐ ржмрж▓рж▓рзЗржи ржПржкрзНрж▓рж┐ржХрзЗрж╢ржи ржХрж░рж╛рж░ ржЖрж░ ржХрзЛржи рж╕рж┐рж╕рзНржЯрзЗржо ржПржЦржи ржирж╛ржЗ, ржЖржЧрзЗ ржЫрж┐рж▓ред ржЖржкржирж╛рж░ ржмрж┐рж╢рзНржмрж╛рж╕ ржирж╛ рж╣ржЗрж▓рзЗ ржЖржкржирж┐  ржкрзНрж░ржнрзЛрж╕рзНржЯ ржорзНржпрж╛ржо ржХрзЗ ржХрж▓ ржжрзЗржиред тАЬ
ржпрж╛ржЗ рж╣рзЛржХ , ржЖржорж┐ ржЙржирж╛рж░ ржХрж╛ржЫ ржерзЗржХрзЗ ржирж╛ржорзНржмрж╛рж░ ржирж┐рзЯрзЗ ржкрзНрж░ржнрзЛрж╕рзНржЯ ржорзНржпрж╛ржо ржХрзЗ ржлрзЛржи ржжрж┐рзЯрзЗ ржЬрж╛ржирж╛рж▓рж╛ржо ред ржЙржирж┐ ржкрзНрж░ржЪрзБрж░ ржмрж┐рж░ржХрзНржд рж╣рж▓рзЗржи ржЖрж░ ржЖржорж╛ржХрзЗ ржУржЗ ржорзБрж╣рзБрж░рзНрждрзЗ ржмрж╛рж╕рж╛рзЯ ржпрзЗрждрзЗ ржмрж▓рж▓рзЗржиред ржЖржорж┐ ржмрж▓рж▓рж╛ржо, ржПржЗ рж░рж╛рждрзЗ ржПржХрж▓рж╛ ржмрж╛рж╕рж╛рзЯ ржпрж╛ржУрж╛рж░ рждрзЛ ржХрзЛржирзЛ ржирж┐рж░рж╛ржкрждрзНрждрж╛ ржирзЗржЗ ржЖрж░ рж░рж┐ржХрзБрзЯрзЗрж╕рзНржЯ ржХрж░рж▓рж╛ржо ржЖржЬржХрзЗ ржпрзЗржи ржерж╛ржХрждрзЗ ржжрзЗрзЯ ред ржЙржирж┐ ржЙрж▓ржЯрж╛ ржЖржорж╛ржХрзЗ ржЭрж╛рзЬрж┐ ржжрж┐рж▓рзЗржи, ржХрж┐ржнрж╛ржмрзЗ ржПржд ржЯрж╛ ржХрзЗрзЯрж╛рж░рж▓рзЗрж╕ рж╣ржЗ ржЖржорж┐ ржпрзЗ рж╕ржирзНржзрзНржпрж╛ ржХрж░рзЗ ржлрзЗрж▓рж▓рж╛ржо? ржЖрж░ ржЖржорж╛ржжрзЗрж░ ржоржд ржПржЯрж╛ржЪржб ржжрзЗрж░ ржЬржирзНржп ржирж╛ржХрж┐ ржЫрж╛рждрзНрж░рзА рж╣рж▓ ржирж╛, ржПржЯрж╛ ржмрж╛ржирж╛ржирзЛ рж╣рзЯрзЗржЫрзЗ рж░рзЗрж╕рж┐ржбрзЗржирзНржЯ ржжрзЗрж░ ржЬржирзНржпред ржЖрж░ ржЖржорж░рж╛ ржПржЦрж╛ржирзЗ ржерж╛ржХрждрзЗ ржЖрж╕рж┐ ржмрж▓рзЗ рж░рзЗрж╕рж┐ржбрзЗржирзНржЯ рж░рж╛ ржирж╛ржХрж┐ ржкрзНрж░ржЪрзБрж░ ржмрж┐рж░ржХрзНржд рж╣рзЯ, рждрж╛ржжрзЗрж░ ржЬрж╛рзЯржЧрж╛рзЯ ржЖржорж░рж╛ ржПрж╕рзЗ ржПрж╕рзЗ ржбрж┐рж╕рзНржЯрж╛рж░рзНржм ржХрж░рж┐, рждрж╛рж░рж╛ ржирж╛ржХрж┐ ржХржоржкрзНрж▓рзЗржЗржи ржХрж░рзЗржЫрзЗржУ ржЖржЧрзЗ ржПржЯрж╛ ржирж┐рзЯрзЗред
ржЖржорж┐ ржмрж▓рж▓рж╛ржо ржпрзЗ ржЖржорж╛рж░ рж░рзЗрж╕рж┐ржбрзЗржирзНржЯ ржлрзНрж░рзЗржирзНржбрзЗрж░ рж░рзБржорзЗ ржмрзЗржб ржлрж╛ржХрж╛ ржЖржЫрзЗ ржЖржЬржХрзЗ, ржУрж░рж╛ржЗ ржЖржорж╛ржХрзЗ ржмрж▓рж▓ ржЖржЬржХрзЗ ржерж╛ржХрждрзЗред ржЙржирж┐ ржмрж▓рж▓рзЗржи,тАЭ ржирж╛ ржирж╛, рждрзЛржорж╛рж░ ржЖржЧрзЗ ржЖржорж┐ ржХрж╛ржЙржХрзЗ ржХржЦржирзЛ ржврзБржХрждрзЗ ржжрзЗржЗржирж╛ржЗ, рж░рж╛ржд рззрзж ржЯрж╛рж░ рж╕ржорзЯ ржУ ржмрзЗрж░ ржХрж░рзЗ ржжрж┐рзЯрзЗржЫрж┐ ржЕржирзЗржХ ржорзЗрзЯрзЗржжрзЗрж░, ржПржЦржи рждрзЛржорж╛ржХрзЗ ржврзБржХрждрзЗ ржжрж┐рж▓рзЗ ржУржжрзЗрж░ рж╕рж╛ржерзЗ ржЕржирзНржпрж╛рзЯ рж╣ржмрзЗред тАЬ
ржЖржорж┐ ржмрж▓рж▓рж╛ржо ржпрзЗ ржЦрж╛рж▓рж╛ рждрзЛ ржмрж▓рж▓рзЗржи ржЖржЧрзЗ ржПржкрзНрж▓рж┐ржХрзЗрж╢ржи ржХрж░рж▓рзЗ ржЖржкржирж┐ ржерж╛ржХрждрзЗ ржжрж┐рждрзЗржи? ржПржЯрж╛ рж╢рзБржирзЗ ржЙржирж┐ ржЖрж░рзЛ ржЪржЯрзЗ ржЧрзЗрж▓рзЗржи, ржЖрж░ ржмрж▓рж▓рзЗржи ржУржЗ ржЦрж╛рж▓рж╛ржХрзЗ ржжрзЗржЦрзЗ ржирж┐ржмрзЗржи ржУржЗржжрж┐ржи ржпрж┐ржирж┐ ржжрж╛рзЯрж┐рждрзНржмрзЗ ржЫрж┐рж▓рзЗржи 
ржПрж░ржкрж░ ржЖрж░ ржХрзЛржиржорждрзЗржЗ рж╣рж▓рзЗ ржерж╛ржХрж╛ ржпрж╛рзЯржирж╛, рждрж╛ржЗ ржмрзЗрж░ рж╣рзЯрзЗ ржПрж▓рж╛ржоред ржЖржорж╛рж░ ржУржЗржЦрж╛ржирзЗ ржХрзЗржЙ ржЫрж┐рж▓ ржирж╛, ржпрзЗрж╣рзЗрждрзБ ржмрж╛рж╕рж╛ ржорж┐рж░ржкрзБрж░, ржПржд рж░рж╛рждрзЗ ржорж╛ ржмрж╛ржмрж╛ржХрзЗ ржЖрж╕рждрзЗржУ ржмрж▓рждрзЗ ржкрж╛рж░рж┐ржирж╛, (ржЙрж▓рзНрж▓рзЗржЦрзНржп ржЖржорж╛рж░ ржмрж╛ржмрж╛ ржЕрж╕рзБрж╕рзНрже , рждрж╛ржЗ ржЙржирж┐ ржХржЦржирзЛржЗ ржЖржорж╛ржХрзЗ ржирж┐рзЯрзЗ ржЖрж╕рж╛ ржпрж╛ржУрж╛ ржХрж░рждрзЗ ржкрж╛рж░рзЗржи ржирж╛ржЗ ржЖржЧрзЗржУ, ржЖрж░ ржорж╛ ржЦрж╛рж▓рж╛рж░ ржмрж╛рж╕рж╛рзЯ ржЫрж┐рж▓рзЗржи ржпрзЗржЯрж╛ ржЕржирзЗржХ ржжрзВрж░рзЗ ред ржЖрж░ ржЗрж░рж╛рж░ ржорж╛ ржмрж┐ржжрзЗрж╢рзЗ ржмрж┐ржЬржирзЗрж╕ ржЯрзНржпрзБрж░рзЗ ржЫрж┐рж▓рзЗржи ред рждрж╛ржЗ ржЖржорж╛ржжрзЗрж░ ржХрж╛рж░рзЛ ржЧрж╛рж░рзНржЬрж┐рзЯрж╛ржи ржЫрж┐рж▓рзЗржи ржирж╛ ржпрзЗ ржЖржорж╛ржжрзЗрж░ ржмрж╛рж╕рж╛рзЯ ржирж┐рзЯрзЗ ржпрж╛ржмрзЗржиред) ржПрж░ржкрж░ рж░рзЗрж╕рж┐ржбрзЗржирзНржЯ ржПржХ ржлрзНрж░рзЗржирзНржбрзЗрж░ ржкрж┐рж╕рж┐рж░ ржмрж╛рж╕рж╛рзЯ ржХрзЛржиржнрж╛ржмрзЗ рж░рж╛ржд ржХрж╛ржЯрж╛рж▓рж╛ржоред
ржЙржкрж░рзЗрж░ ржШржЯржирж╛ рзиржЯрж╛ ржЖржорж╛ржжрзЗрж░ ржПржЯрж╛ржЪржб ржорзЗрзЯрзЗржжрзЗрж░ ржЕржирзЗржХрзЗрж░ рж╕рж╛ржерзЗржЗ ржЕржирзЗржХржмрж╛рж░ рж╣рзЯрзЗржЫрзЗред ржЕржирзЗржХрзЗрж░ ржЗ рж▓рзНржпрж╛ржм , ржХрзНрж▓рж╛ржм, ржкрзНрж░ржЬрзЗржХрзНржЯ ржЕржержмрж╛ ржЕржирзНржп ржЕржирзЗржХ ржЬрж░рзБрж░рж┐ ржХрж╛рж░ржирзЗржУ ржХрзНржпрж╛ржорзНржкрж╛рж╕рзЗ ржерж╛ржХрждрзЗ ржерж╛ржХрждрзЗ ржорж╛ржЭрзЗ ржорж╛ржЭрзЗ рж░рж╛ржд рж╣рзЯрзЗ ржпрж╛рзЯ редржХрж┐ржирзНрждрзБ рж╣рж▓рзЗ ржХржЦржирзЛржЗ ржПржЯрж╛ржЪржб ржжрзЗрж░ ржерж╛ржХрждрзЗ ржжрзЗрзЯржирж╛ред ржЕржирзЗржХ рж╕рж┐ржирж┐рзЯрж░ ржЖржкрзБрж░рж╛ржУ ржмрж▓рзЗржЫрзЗржи рждрж╛ржжрзЗрж░ ржХрзЗржУ ржПржнрж╛ржмрзЗ ржлрж┐рж░рждрзЗ рж╣рзЯрзЗржЫрзЗред ржЖржорж░рж╛ ржорзЗрзЯрзЗрж░рж╛ ржХрж┐ ржпрзЗржЦрж╛ржирзЗ рж╕рзЗржЦрж╛ржирзЗ рж░рж╛ржд ржХрж╛ржЯрж┐рзЯрзЗ ржжрж┐рждрзЗ ржкрж╛рж░рж┐? ржкрж╛рж░рж┐ржирж╛ред ржЙржирж╛рж░рж╛ рж░рзЗрж╕рж┐ржбрзЗржирзНржЯ ржорзЗрзЯрзЗржжрзЗрж░ рж╕рж┐ржХрж┐ржЙрж░рж┐ржЯрж┐рж░ ржХржерж╛ ржнрзЗржмрзЗ ржЖржорж╛ржжрзЗрж░ ржврзБржХрждрзЗ ржжрж┐рждрзЗ ржЪрж╛ржи ржирж╛, ржХрж┐ржирзНрждрзБ ржЖржорж░рж╛ ржпрж╛рж░рж╛ ржорж┐рж░ржкрзБрж░ ржЙрждрзНрждрж░рж╛рж░ ржоржд ржжрзВрж░ ржжрзВрж░рж╛ржирзНрждрзЗ ржерж╛ржХрж┐, ржЖржорж╛ржжрзЗрж░ ржЙржирж╛рж░рж╛ рж╣рж▓рзЗ рж╕рзАржЯ ржУ ржжрзЗржи ржирж╛, ржЖржмрж╛рж░ ржПржкрзНрж▓рж┐ржХрзЗрж╢ржи ржХрж░рзЗ ржерж╛ржХрждрзЗ ржЪрж╛ржЗрж▓рзЗ ржерж╛ржХрждрзЗржУ ржжрзЗржи ржирж╛ ред ржЖржорж╛ржжрзЗрж░ рж╕рж┐ржХрж┐ржЙрж░рж┐ржЯрж┐рж░ ржХржерж╛ ржХрзЗржи ржЙржирж╛ржжрзЗрж░ ржХржЦржирзЛржЗ ржорж╛ржерж╛рзЯ ржЖрж╕рзЗ ржирж╛?
ржЖржорж╛рж░ ржорж┐рж░ржкрзБрж░ ржЙрждрзНрждрж░рж╛рж░ ржЕржирзЗржХ ржмрж╛ржирзНржзрзБржмрж┐рж░рж╛ (ржЖржорж┐ рж╕рж╣) рж╣рж▓рзЗ рж╕рзАржЯ ржкрж╛ржУрж╛рж░ ржЬржирзНржп ржПржкрзНрж▓рж┐ржХрзЗрж╢ржи ржХрж░рзЗ ржЧрж╛рж░рзНржЬрж┐рзЯрж╛ржи рж╕рж╣ ржкрзНрж░ржнрзЛрж╕рзНржЯ ржорзНржпрж╛ржорзЗрж░ ржкрж┐ржЫрзЗ ржШрзБрж░рждрзЗ ржШрзБрж░рждрзЗ ржПржЦржи ржХрзНрж▓рж╛ржирзНрждред ржЙржирж╛рж░рж╛ рззрзоржПрж░ ржПржЯрж╛ржЪржб ржжрзЗрж░ ржПржЦржи рж╕рзАржЯ ржжрж┐ржмрзЗржи ржирж╛, ржХрж╛рж░ржи рж╣рж▓рзЗ ржирж╛ржХрж┐ рж╕рзАржЯ ржлрж╛ржХрж╛ ржирзЗржЗ ржЖрж░ ржПржЦржи рждрзЛ рззрзп ржЖрж╕рждрзЗрж╕рзЗред ржЖржЪрзНржЫрж╛ ржмрзБржЭрж▓рж╛ржо, ржЖржорж╛ржжрзЗрж░ ржЪрзЗрзЯрзЗ ржврж╛ржХрж╛рж░ ржмрж╛ржЗрж░рзЗрж░ ржорзЗрзЯрзЗржжрзЗрж░ рж╕рзАржЯ ржмрзЗрж╢рж┐ ржЬрж░рзБрж░рж┐ред  ржХрж┐ржирзНрждрзБ ржорж╛ржЭрзЗ ржорж╛ржЭрзЗ ржХрж┐ ржПржЬржирзНржп рж░рж╛ржд рж╣рзЯрзЗ ржЧрзЗрж▓рзЗржУ ржПржкрзНрж▓рж┐ржХрзЗрж╢ржи ржХрж░рзЗ ржерж╛ржХрждрзЗ ржжрж┐ржмрзЗржи ржирж╛?
ржЖржирж┐ржХрж╛ ржЖрж░ ржЖрзЯрзЗрж╢рж╛ ржХрзЗ ржпрзЗ рж░рж╛ржд рззрзж ржЯрж╛рж░ ржжрж┐ржХрзЗ ржПржнрж╛ржмрзЗ ржмрзЗрж░ ржХрж░рзЗ ржжрж┐рж▓, ржПржд рж░рж╛ржд ржкрж░рзНржпржирзНржд ржорзЗрзЯрзЗржЧрзБрж▓рж╛ рж░рж╛рж╕рзНрждрж╛рж░ ржлрзБржЯржкрж╛рждрзЗ ржмрж╕рзЗ ржЫрж┐рж▓ред ржУржжрзЗрж░ рж╕рж╛ржерзЗ ржЖрж▓рзНрж▓рж╛рж╣ ржирж╛ ржХрж░рзБржХ ржпрзЗржХрзЛржи ржЦрж╛рж░рж╛ржк ржШржЯржирж╛ ржШржЯрж▓рзЗ рж╕рзЗржЯрж╛рж░ ржжрж╛рзЯржнрж╛рж░ ржХрзЗ ржирж┐ржд? ржЙржирж╛рж░рж╛ рждрзЛ рждржЦржи ржУржжрзЗрж░ржХрзЗржУ ржЖржорж╛рж░ ржорждржЗ ржХрзЗрзЯрж╛рж░рж▓рзЗрж╕ ржмрж▓рзЗ ржирж┐ржЬрзЗрж░рж╛ ржжрж╛рзЯ ржорзБржХрзНржд ржерж╛ржХрждрзЗржиред ржХрж┐ржирзНрждрзБ ржЙржирж╛рж░рж╛ ржХрж┐ ржкрж╛рж░рждрзЗржи ржирж╛ ржУржЗ рж░рж╛рждрзЗ ржУржжрзЗрж░ ржерж╛ржХрждрзЗ ржжрж┐рзЯрзЗ ржкрж░рзЗрж░ржжрж┐ржи рж╕ржХрж╛рж▓рзЗ ржЪрж▓рзЗ ржпрзЗрждрзЗ ржмрж▓рждрзЗ?
рждрж╛ржЫрж╛рзЬрж╛ ржЖржорж┐ ржпржжрж┐ ржкрж╛рж░рж╕рзЛржирж╛рж▓рж┐ ржЖржорж╛рж░ ржХржерж╛ ржмрж▓рж┐, ржЕржирзЗржХржжрж┐ржи рзлржЯрж╛рзЯ рж▓рзНржпрж╛ржм рж╢рзЗрж╖ рж╣ржУрж╛рж░ ржкрж░, ржмрж╛рж╕рж╛рзЯ ржлрж┐рж░рждрзЗ ржЧрж┐рзЯрзЗ ржжрзЗржЦрж┐ ржорж┐рж░ржкрзБрж░ рззрзи рж░рзБржЯрзЗрж░ ржмрзБрзЯрзЗржЯ ржмрж╛рж╕ ржЖржЬржХрзЗ ржЖрж╕рзЗ ржирж╛ржЗред ржЕржержмрж╛ ржХрзЛржиржжрж┐ржи рж▓рзНржпрж╛ржмрзЗрж░ ржХрж╛рж░ржирзЗржЗ ржмрж╛рж╕ ржпржжрж┐ ржорж┐рж╕ рж╣рзЯрзЗ ржпрж╛рзЯ, ржПрж░ржкрж░ ржПржЗрж░ржХржо рж╕ржирзНржзрзНржпрж╛рж░ рж╕ржорзЯ ржЖржорж┐ ржПржХрж▓рж╛ ржПржХрж▓рж╛ рж▓рзЛржХрж╛рж▓ ржмрж╛рж╕рзЗ ржХрж░рзЗ ржмрж╛рж╕рж╛рзЯ ржлрж┐рж░рж┐ , ржХрзЗржиржирж╛ ржЖржорж╛ржХрзЗ рждрзЛ рж╣рж▓рзЗ ржерж╛ржХрждрзЗ ржжрж┐ржмрзЗ ржирж╛ ржЖрж░ ржЖржорж╛рж░ рж░рзБржЯрзЗ ржЖржорж╛рж░ ржбрж┐ржкрж╛рж░рзНржЯрзНржорзЗржирзНржЯрзЗрж░ ржЖрж░ ржХрзЗржЙ ржирзЗржЗ! ржЖржорж┐ ржЬрж╛ржирж┐ ржЖрж░рзЛ ржЕржирзЗржХрзЗрж░ржЗ ржХрзЛржи ржирж╛ ржХрзЛржи ржХрж╛рж░ржирзЗ ржмрзБрзЯрзЗржЯ ржмрж╛рж╕ ржорж┐рж╕ рж╣рзЯрзЗ ржпрж╛рзЯ ржорж╛ржЭрзЗржоржзрзНржпрзЗред ржПрж░ржкрж░ ржПржХрж╛ ржПржХрж╛ ржкрж╛ржмрж▓рж┐ржХ ржмрж╛рж╕рзЗ ржлрж┐рж░рждрзЗ рж╣рзЯред ржпрж╛ржжрзЗрж░ ржмрж╛рж╕рж╛ ржХрж╛ржЫрж╛ржХрж╛ржЫрж┐ рждрж╛рж░рж╛ рждрзЛ ржкрзМржБржЫрзЗржЗ ржЧрзЗрж▓рзЛред ржЖрж░ ржпрж╛рж░рж╛ ржжрзВрж░рзЗ ржерж╛ржХрж┐, ржЖржорж╛ржжрзЗрж░ ржпрзЗ ржЕржирзЗржХ рж░рж╛ржд рж╣рзЯрзЗ ржпрж╛рзЯ, ржЖрж▓рзНрж▓рж╛рж╣ ржирж╛ ржХрж░рзБржХ , ржХрзЛржиржжрж┐ржи ржирж╛ ржХрзЛржиржжрж┐ржи ржЖржорж╛ржжрзЗрж░ ржХрж╛рж░рзЛ рж╕рж╛ржерзЗржУ рждрзЛ ржврж╛ржХрж╛ ржнрж╛рж░рзНрж╕рж┐ржЯрж┐рж░ ржорзЗрзЯрзЗржЯрж╛рж░ ржоржд ржШржЯржирж╛ ржШржЯрждрзЗ ржкрж╛рж░рждред рждржЦржи ржПрж░ ржжрж╛рзЯржнрж╛рж░ ржХрзЗ ржирж┐ржд? ржЕржмрж╢рзНржпржЗ ржЖржмрж╛рж░рзЛ ржЖржорж╛ржжрзЗрж░ ржЙржкрж░ ржжрж╛рзЯ ржЪрж╛ржкрж┐рзЯрзЗ ржжрж┐рждрзЗржи ржЙржирж╛рж░рж╛ред рж╕ржм ржжрзЛрж╖ ржЖржорж╛ржжрзЗрж░, ржЖржорж░рж╛ ржврж╛ржХрж╛рзЯ ржерж╛ржХрж┐, рждрж╛ржЗ ржЖржорж╛ржжрзЗрж░ ржжрзЗрж░рж┐ ржХрж░рж╛ ржпрж╛ржмрзЗржирж╛! ржХрзЛржи ржжрж┐ржи ржЖржорж╛ржжрзЗрж░ ржХрж╛рж░рзЛ рж╕рж╛ржерзЗ ржЦрж╛рж░рж╛ржк ржХрж┐ржЫрзБ рж╣рзЯрзЗ ржЧрзЗрж▓рзЗ ржПрж░ржкрж░ ржЙржирж╛ржжрзЗрж░ ржЯржиржХ ржирзЬржмрзЗред ржХрж╛рж░ржи ржЖржорж╛ржжрзЗрж░ ржирж┐ржЬрзЗржжрзЗрж░ ржХрж╛рж░рзЛ рж╕рж╛ржерзЗ ржирж╛ рж╣рж▓рзЗ ржЖржорж░рж╛ рждрзЛ ржорж░рзНржо ржмрзБржЭрж┐ржирж╛!
ржХрж┐ржирзНрждрзБ ржЙржирж╛рж░рж╛ ржЪрж╛ржЗрж▓рзЗржЗ ржкрж╛рж░рждрзЗржи, ржЖржорж╛ржжрзЗрж░ ржПржкрзНрж▓рж┐ржХрзЗрж╢ржи ржХрж░рзЗ ржерж╛ржХрждрзЗ ржжрзЗржУрж╛рж░ ржоржд рж╕рзБржмрж┐ржзрж╛ ржХрж░рзЗ ржжрж┐рждрзЗред рж╣рзЯржд ржЖржорж╛ржжрзЗрж░ ржЖржЗржбрж┐ ржХрж╛рж░рзНржб ржЪрзЗржХ ржХрж░рзЗ ржврзБржХрж╛рждрзЗржи , ржХрзЛржи ржПржХржЬржи рж░рзЗрж╕рж┐ржбрзЗржирзНржЯрзЗрж░ ржжрж╛рзЯрж┐рждрзНржм ржирж┐рждрзЗ рж╣ржд ржерж╛ржХрждрзЗ ржжрзЗржУрж╛рж░ ржЬржирзНржп, ржХрж┐ржирзНрждрзБ ржЖржорж╛ржжрзЗрж░ ржирж┐рж░рж╛ржкрждрзНрждрж╛рж░ рждрзЛ ржирж┐рж╢рзНржЪрзЯрждрж╛ ржерж╛ржХржд!
ржХрж┐ржирзНрждрзБ ржирж╛ ржЙржирж╛рж░рж╛ рж╕рзЗржЯрж╛ ржХрж░ржмрзЗржи ржирж╛, ржХрзЗржиржирж╛ ржЙржирж╛ржжрзЗрж░ ржХрж┐ржЫрзБ ржпрж╛рзЯ ржЖрж╕рзЗржирж╛ ред рж░рзЗрж╕рж┐ржбрзЗржирзНржЯ ржжрзЗрж░ ржерж╛ржХрждрзЗ ржжрзЗржУрж╛рж░ ржХржерж╛, ржЙржирж╛рж░рж╛ ржерж╛ржХрждрзЗ ржжрж┐рзЯрзЗржЫрзЗржиред ржЖржорж╛ржжрзЗрж░ ржерж╛ржХрждрзЗ ржжрзЗржУрж╛рж░ ржХржерж╛ ржирж╛, ржЖржорж╛ржжрзЗрж░ ржжрж┐ржмрзЗржи ржирж╛ ржорж╛ржирзЗ ржжрж┐ржмрзЗржи ржЗ ржирж╛, рж▓рж╛ржЧрж▓рзЗ ржШрж╛рзЬ ржзрж╛ржХрзНржХрж╛ ржжрж┐рзЯрзЗ ржмрзЗрж░ ржХрж░рзЗ ржжрж┐ржмрзЗржи , рж╕рзЗржЯрж╛ рж░рж╛ржд рззрзж ржЯрж╛ рж╣рж▓рзЗржУ ржЙржирж╛рж░рж╛ ржХржирж╕рж┐ржбрж╛рж░ ржХрж░ржмрзЗржи ржирж╛ред ржХрж┐ржирзНрждрзБ рждрж╛рж╣рж▓рзЗ ржПржЗ рж╣рж▓рзЗ ржЖржорж┐ ржПржЯрж╛ржЪржб ржЖржЫрж┐ ржХрзЗржи? ржХрж┐ рж▓рж╛ржн ржЖржорж╛рж░ ржПржЗ рж╣рж▓рзЗ ржПржЯрж╛ржЪржб ржерзЗржХрзЗ ржпржжрж┐ ржЖржорж╛рж░ ржЬрж░рзБрж░рж┐ ржкрзНрж░рзЯрзЛржЬржирзЗ ржПржЦрж╛ржи ржерзЗржХрзЗ ржХрзЛржи рж╕рж╛рж╣рж╛ржпрзНржп ржЗ ржирж╛ ржкрзЗрж▓рж╛ржо?
ржЙржкрж░рзЗрж░ ржШржЯржирж╛ ржЧрзБрж▓рзЛ рж╕ржм рж╕рждрзНржпрж┐ ржШржЯржирж╛,ред ржЖржорж┐ ржЬрж╛ржирж┐ржирж╛ ржПржЗ ржкрзЛрж╕рзНржЯрзЗ ржХрж┐ржЫрзБ рж╣ржмрзЗ ржХрж┐ржирж╛, ржХрж┐ржирзНрждрзБ ржЬрж╛ржирж╛ржирзЛ ржжрж░ржХрж╛рж░ ржоржирзЗ рж╣рж▓рзЛ рждрж╛ржЗ рж▓рж┐ржЦрж▓рж╛ржоред рждрж╛ржЫрж╛рзЬрж╛ ржЕржирзЗржХ ржжрж┐ржи ржоржирзЗ ржХрзНрж╖рзЛржн ржирж┐рзЯрзЗ ржмрж╕рзЗ ржЫрж┐рж▓рж╛ржо, рждрж╛ржЗ ржЖрж░ ржирж╛ рж▓рж┐ржЦрзЗ ржкрж╛рж░рж▓рж╛ржо ржирж╛ред ржнрзБрж▓ рждрзНрж░рзБржЯрж┐ рж╣рж▓рзЗ ржХрзНрж╖ржорж╛ ржХрж░рзЗ ржжрж┐ржмрзЗржиред ржзржирзНржпржмрж╛ржжред"
Anwar Pervez Shefin,1579258081,"ржЖржорж╛ржжрзЗрж░ рж╕ржжрзНржп ржкрзНрж░рзЯрж╛ржд ржмржирзНржзрзБ ржЖрж╕рж╛ржж ( Shah Asaduzzaman , BUET CSE 92 batch ) ржПржХрж╛ржзрж╛рж░рзЗ ржЕрж╕ржВржЦрзНржп ржЧрзБржгрж╛ржмрж▓рзАрж░ ржЕржзрж┐ржХрж╛рж░рзА ржЫрж┐рж▓ ред рж╕ржм рж╕ржорзЯ ржУрж░ ржорзБржЦрзЗ ржПржХржЯрж╛ ржмржирзНржзрзБрж╕рзБрж▓ржн рж╕рзНржирж┐ржЧрзНржз рж╣рж╛рж╕рж┐ рж▓рзЗржЧрзЗ ржерж╛ржХрждрзЛ ред ржмрзБрзЯрзЗржЯрзЗрж░ рж╢рж┐ржХрзНрж╖ржХ ржерзЗржХрзЗ ржорж╛ржЗржХрзНрж░рзЛрж╕ржлржЯрзЗрж░ ржкрзНрж░ржХрзМрж╢рж▓рзА рж╣рж┐рж╕рзЗржмрзЗ ржкрзНрж░рзЛржлрзЗрж╢ржирж╛рж▓ ржЬржЧрждрзЗ ржпрзЗржоржи ржЫрж┐рж▓ ржЙржЬрзНржЬрзНржмрж▓ ; ржарж┐ржХ рждрзЗржоржирж┐ ржнрж╛рж▓ ржЧрж╛ржи ржЧрж╛ржЗрждрзЗрж╛ , ржнрж╛рж▓ рж▓рж┐ржЦрждрзЗрж╛ ред ржпрждржжрзВрж░ ржЬрж╛ржирж┐ ржмрзЗрж╢ ржХрж┐ржЫрзБ ржЪрзНржпрж╛рж░рж┐ржЯрж┐ ржХрж░рзНржоржХрж╛ржирзНржбрзЗрж░ рж╕рж╛ржерзЗржУ ржЬржбрж╝рж┐ржд ржЫрж┐рж▓ ред ржЖржЬ ржУрж░ FB Wall ржП ржврзБржХрзЗ ржУрж░ ржЕржирзЗржХ ржкрзБрж░ржирзЛ ржкрзЛрж╖рзНржЯ ржжрзЗржЦрж▓рж╛ржо ред ржУрж░ ржЧрж╛ржУрзЯрж╛ ржПржЗ ржЧрж╛ржиржЯрж┐ рж╢рзЗрзЯрж╛рж░ ржХрж░рж▓рж╛ржо ржпрж╛ ржЖрж╕рж╛ржж ржХрзЛржи ржПржХржЯрж┐ ржЕржирзБрж╖рзНржарж╛ржирзЗ ржЧрзЗрзЯрзЗржЫрж┐рж▓рзЗ рзирзжрззрзо ржПрж░ ржбрж┐рж╕рзЗржорзНржмрж░рзЗ ред рждрждржжрж┐ржирзЗ ржУрж░ ржХрзЛрж▓ржи ржХрзНржпрж╛ржирж╕рж╛рж░ рж╕ржорзНржнржмржд: ржзрж░рж╛ ржкржбрж╝рзЗржЫрж┐рж▓ ред
ржУржкрж╛рж░рзЗ ржнрж╛рж▓ ржерж╛ржХрж┐рж╕ ржЖрж╕рж╛ржж ред ржкрж░ржо ржХрж░рзБржирж╛ржорзЯрзЗрж░ ржХрж╛ржЫрзЗ ржПржЗ ржжрзЛрзЯрж╛ ржХрж░рж┐ ред
https://m.facebook.com/story.phpтАж"
Fariha Khondoker,1579118737,"#ржбрж┐ржПрж╕ржбржмрж▓рж┐ржЙ рж╕рзНржпрж╛рж░ ржЖржорж╛рж░ рж╕рж╛ржерзЗ ржХржерж╛ ржмрж▓рзЗржЫрзЗржи ,ржПрж╕ржХрж▓ ржмрж┐рж╖ржпрж╝рзЗ ржпржерж╛ржпрже ржмрзНржпржмрж╕рзНржерж╛ ржирж┐ржмрзЗржи рж╕рзЗржЗ ржЖрж╢рзНржмрж╛рж╕ ржжрж┐ржпрж╝рзЗржЫрзЗржи . ржЖржкржирж╛ржжрзЗрж░ рж╕ржХрж▓рзЗрж░ рж╕рж╛рж╣рж╛ржпрзНржпрзЗрж░ ржЬржирзНржп ржЕрж╢рзЗрж╖ ржзржирзНржпржмрж╛ржж .
ржЖрж╕рж╕рж╛рж▓рж╛ржорзБ ржЖрж▓рж╛ржЗржХрзБржо , ржнрж╛ржЗржпрж╝рж╛ ржПржмржВ ржЖржкрзБрж░рж╛ ,
ржЖржорж┐ ржЖрж░рзНржХрж┐ржЯрзЗржХржЪрж╛рж░ ржбрж┐ржкрж╛рж░рзНржЯржорзЗржирзНржЯрзЗрж░ рж▓рзЗржнрзЗрж▓ 1 ржЯрж╛рж░рзНржо 1 ржПрж░ ржПржХржЬржи рж╢рж┐ржХрзНрж╖рж╛рж░рзНржерзА . ржЧржд рж╕рзЛржоржмрж╛рж░ , 13/01/2020 рждрж╛рж░рж┐ржЦ ржЖржорж┐ ржПржХржЯрж┐ ржжрзБрж░рзНржШржЯржирж╛рж░ рж╢рж┐ржХрж╛рж░ рж╣ржЗ . ржжрзБрж░рзНржШржЯржирж╛ ржирж╛ ржмрж▓рзЗ ржЗржЪрзНржЫрж╛ржХрзНрж░рж┐ржд ржнрж╛ржмрзЗ рж╣рзЗржирж╕рзНрждрж╛рж░ рж╢рж┐ржХрж╛рж░ рж╣ржпрж╝рзЗржЫрж┐ ржмрж▓рж╛ ржпрж╛ржпрж╝. ржЖржорж┐ ржЫрж╛рждрзНрж░рзАрж╣рж▓рзЗрж░ ржЖржмрж╛рж╕рж┐ржХ ржЫрж╛рждрзНрж░рж┐ . ржЖржорж╛рж░ ржкржжрж╛рж░рзНржержмрж┐ржЬрзНржЮрж╛ржи ржкрж░рзАржХрзНрж╖рж╛рж░ ржЖржЧрзЗрж░ржжрж┐ржи ржЖржорж┐ ржЖржорж╛рж░ ржЦрж╛ржЯрзЗ ржШрзБржоржирзНржд ржЫрж┐рж▓рж╛ржо .ржмрж┐ржХрж╛рж▓ 4:45 ржП ржкрж╛рж╢рзЗрж░ ржирж┐рж░рзНржорж╛ржирж╛ржзрзАржи ржирждрзБржи ржЫрж╛рждрзНрж░рзАрж╣рж▓рзЗрж░ ржорж┐рж╕рзНрждрзНрж░рж┐ржжрзЗрж░ ржХрзЗржЙ ржЖржорж╛рж░ рж╕рж╛ржЗржбрзЗрж░ ржЬрж╛ржирж╛рж▓рж╛ржпрж╝ ржмржбрж╝ ржЗржЯ ржЫрзБржбрж╝рзЗ ржорж╛рж░рзЗ . ржЖржорж┐ ржХрж╛ржЪрзЗржБрж░ ржЬрж╛ржирж╛рж▓рж╛ ржнрж╛ржЩрж╛рж░ рж╢ржмрзНржжрзЗ ржШрзБржо ржерзЗржХрзЗ ржнржпрж╝рзЗ ржЬрзЗржЧрзЗ ржЙржарж┐ ржПржмржВ рждрж╛ржжрзЗрж░ ржмрж┐ржХржЯ рж╣рж╛рж╕рж┐рж░ рж╢ржмрзНржж рж╢рзБржирж┐ . рждрзОржХрзНрж╖ржирж╛ржд ржХрж╛ржЪрзЗржБрж░ ржЯрзБржХрж░рж╛ ржЕржирзЗржХржЧрзБрж▓рж╛ ржЖржорж╛рж░ ржЦрж╛ржЯ ржЖрж░ ржЯрзЗржмрж┐рж▓рзЗ ржЪрж▓рзЗ ржЖрж╕рзЗ . ржЖрж▓рзНрж▓рж╛рж╣рж░ ржЕрж╢рзЗрж╖ рж░рж╣ржорждрзЗ ржЖржорж╛рж░ ржорж╛ржерж╛рж░ ржХрж╛ржЫрзЗ ржкрж░рзНржжрж╛ ржерж╛ржХрж╛ржпрж╝ ржЖржорж╛рж░ ржорж╛ржерж╛ржпрж╝ ржХрзЛржирзЛ ржХрж╛ржЪрзЗржБрж░ ржЯрзБржХрж░рж╛ ржкржбрж╝рзЗ ржирж┐ ..ржЖржорж┐ ржЖрж╣ржд рж╣ржЗржирж┐ .ржЖржорж┐ ржирж┐рж╢рзНржЪрж┐ржд ржкрж░рзНржжрж╛ржЯрж╛ ржирж╛ ржерж╛ржХрж▓рзЗ ржЖржорж┐ рж╣ржпрж╝ржд ржПржЦржи ржХрзЛржирзЛ рж╣рж╛рж╕ржкрж╛рждрж╛рж▓рзЗ ржнрж░рзНрждрж┐ ржерж╛ржХрждрж╛ржо .
ржоржЬрж╛рж░ ржмрж┐рж╖ржпрж╝ рж╣рж▓рзЛ ржПржЗ ржорж┐рж╕рзНрждрзНрж░рж┐рж░рж╛ рж╣рж▓рзЗрж░ ржорзЗржпрж╝рзЗржжрзЗрж░ ржмрж┐ржнрж┐ржирзНржи ржнрж╛ржмрзЗ рж╣рзЗржирж╕рзНрждрж╛ ржХрж░рзЗ . ржкрзНрж░ржнрзЛрж╕рзНржЯ ржХрзЗ ржПрж╕ржм ржЬрж╛ржирж╛ржирзЛ рж╣рж▓рзЗржУ ржЙржирж┐ ржПрж╕ржм ржерзЗржХрзЗ ржЖржорж╛ржжрзЗрж░ ржЗ рж╕рж╛ржмржзрж╛ржи ржерж╛ржХрждрзЗ ржмрж▓рзЗржЫрзЗржи . ржПржЦржи ржмрж┐рж╖ржпрж╝ржЯрж╛ ржПржоржи ржЖржорж┐ ржХрж┐ржнрж╛ржмрзЗ ржХрзЗржЙ ржЖржорж╛рж░ ржЬрж╛ржирж╛рж▓рж╛ржпрж╝ ржЗржЯ ржорж╛рж░ржмрзЗ ржХрж┐ржирж╛ ржЖржорж┐ ржЖржЧрзЗрж░ ржерзЗржХрзЗ ржХрж┐ржнрж╛ржмрзЗ ржЬрж╛ржиржмрзЛ рж░ ржЖржорж╛рж░ ржорж╛ржерж╛ ржирж╛ ржлрж╛ржЯрзЗ рж╕рзЗржЗ ржмрзНржпржмрж╕рзНржерж╛ ржирзЗржм ?
рждрж╛рж░ ржЙржкрж░ ржЖржорж┐ ржкрзНрж░ржержо ржмрж░рзНрж╖рзЗрж░ ржЫрж╛рждрзНрж░рзА рждрж╛ржЗ ржмрж╛рж╣рзНржпрж┐ржХ ржЖржШрж╛рждрзЗ ржнрж╛ржЩрж╛ ржХрж╛ржЪржБ ржпрзЗ ржЖржорж╛рж░ ржжрж╛ржпрж╝рж┐рждрзНржм ржирж┐ржпрж╝рзЗ ржжрж░ржЦрж╛рж╕рзНржд рж▓рж┐ржЦрзЗ рж╕рж╛рж░рж╛рж░ ржмрзНржпржмрж╕рзНржерж╛ ржХрж░рждрзЗ рж╣ржмрзЗ ржмрзБржЭрждрзЗ ржкрж╛рж░рж┐ржирж┐ . ржЖржорж╛рж░ ржмрзНрж▓ржХрзЗрж░ ржмржбрж╝ ржЖржкрзБрж░рж╛ ржкрзНрж░ржнрзЛрж╕рзНржЯрзЗрж░ рж╕рж╛ржерзЗ ржХржерж╛ ржмрж▓рзЗ ржЖрж╕ржЫрзЗржи ржЖрж░ ржЕржлрж┐рж╕ ржерзЗржХрзЗ рж▓рзЛржХ ржПрж╕рзЗ ржЖржорж╛рж░ ржЬрж╛ржирж╛рж▓рж╛ ржжрзЗржЦрзЗ ржЧрзЗржЫрзЗ рждрж╛ржЗ ржарж┐ржХ ржХрж░рзЗ ржжрзЗржмрзЗ ржПржоржи ржЖрж╢рж╛ ржХрж░рзЗ ржерж╛ржХрж┐ . ржЖржЬржХрзЗ ржЖржорж╛ржХрзЗ ржЕржлрж┐рж╕ ржерзЗржХрзЗ ржЬржирзИржХ ржЦрж╛рж▓рж╛ ржмрж▓рзЗ ржЧрзЗрж▓рзЗржи ржжрж░ржЦрж╛рж╕рзНржд ржХрж░рж┐ржирж┐ ржмрж▓рзЗ ржирж╛ржХрж┐ ржХрзЛржирзЛ ржХрж╛ржЬржЗ рж╣ржмрзЗ ржирж╛ .ржЖрж░рзЛ ржмрж▓рж╛ рж╣рж▓рзЛ рж╕рж░ржХрж╛рж░рж┐ ржХрж╛ржЬрзЗ ржПржоржи ржжрзЗрж░рж┐ рж╣ржУржпрж╝рж╛ржЗ рж╕рзНржмрж╛ржнрж╛ржмрж┐ржХ .
ржЖржорж╛ржХрзЗ рждрж╛рж░рж╛ ржмрж▓рзНрж▓рзЗржи ржПржЯрж╛ ржирж╛ржХрж┐ ржнрзБрж▓ ржХрж░рзЗ ржкржбрж╝рзЗржЫрзЗ , ржЗржЪрзНржЫрж╛ ржХрж░рзЗ ржирж╛ ..рждрж╛рж░рж╛ ржЕржкрж░рж╛ржзрзАржжрзЗрж░ ржЗ ржкрзГрж╖рзНржаржкрзЛрж╕ржХрждрж╛ ржХрж░рж▓рзЗржи ржХрж┐ржирзНрждрзБ ржПржЯрзБржХрзБ ржЬрзНржпрж╛ржорж┐рждрж┐ ржЬрж╛ржирж┐ ржпрзЗ ржкрзНрж░рж╛рж╕рзЗ ржирж╛ ржЫрзБржбрж╝рж▓рзЗ ржЗржЯ ржЬрж╛ржирж╛рж▓рж╛ ржнрж╛ржЩрж╛рж░ ржХржерж╛ ржирж╛ ржпрзЗржЦрж╛ржирзЗ ржбрзНрж░ржкржУржпрж╝рж╛рж▓ ржжрзЗржУржпрж╝рж╛ ржЖрж╕рзЗ .
ржЧржд ржжрзБржЗ ржжрж┐ржи ржнржпрж╝рж╛ржмрж╣ рж╢рзАрждрзЗ ржХрж╖рзНржЯ ржкрж╛ржЪрзНржЫрж┐ .ржЖржорж┐ ржХрзЛрж▓рзНржб ржЕрзНржпрж╛рж▓рж╛рж░рзНржЬрж┐ рж░ ржПржмржВ ржУржЯрж┐ржЯрж┐рж╕ ржорж┐ржбрж┐ржпрж╝рж╛рж░ рж░рзЛржЧрзА .рж╢рзБржзрзБ рж╢рзАрждрж▓ ржмрж╛рждрж╛рж╕рзЗржЗ ржХрж╛ржирзЗрж░ ржкрж░рзНржжрж╛ ржлрзЗржЯрзЗ рж░ржХрзНржд ржЖрж╕рж╛ ржХрждржЯрж╛ ржХрж╖рзНржЯрзЗрж░ рждрж╛ ржХрзЗржмрж▓ ржпрж╛рж░ ржУржЯрж┐ржЯрж┐рж╕ ржорж┐ржбрж┐ржпрж╝рж╛ ржЖрж╕рзЗ рж╕рзЗржЗ ржЬрж╛ржирзЗ . ржЕржлрж┐рж╕рзЗ ржЬрж╛ржирж╛рж▓рзЗ рждрж╛рж░рж╛ рж╣рзЗрж╕рзЗ ржЙржбрж╝рж┐ржпрж╝рзЗ ржжрзЗржпрж╝ ржпрзЗржи рж╢рзАрждрзЗ ржмрж╛рждрж╛рж╕ ржЖрж╕рж╛рж░ржЗ ржХржерж╛ .
ржПржЗ ржЧрзНрж░рзБржкрзЗ ржЕржирзЗржХ ржмржбрж╝ ржнрж╛ржЗ ржЖржкрзБрж░рж╛ ржЖржЫрзЗржи рждрж╛ржжрзЗрж░ ржорзБрж▓рзНржпржмрж╛ржи рж╕ржоржпрж╝ ржирж╖рзНржЯ ржХрж░рждрзЗ ржЪрж╛ржЗржЫрж┐ ржирж╛ . рждржмрзЗ ржЖржорж╛рж░ ржбрж┐ржкрж╛рж░рзНржЯржорзЗржирзНржЯрзЗрж░ ржХрж╛ржЬрзЗ ржпржЦржи рж╣рж▓рзЗ ржврзБржХрждрзЗ ржжрзЗрж░рж┐ рж╣ржпрж╝ рждржЦржи рж░рж╛рждрзЗ ржкрзНрж░ржнрзЛрж╕рзНржЯ ржХрзЗ ржХрж▓ ржХрж░рзЗ ржХржерж╛ ржмрж▓рзЗ ржврзБржХрждрзЗ рж╣ржпрж╝ . ржкрзНрж░рждрж┐ржжрж┐ржи ржЧрзЗржЯрзЗрж░ ржЦрж╛рж▓рж╛ ржЬрж┐ржЬрзНржЮрж╛рж╕ ржХрж░рзЗ ржЖржорж┐ рж╣рж▓рзЗрж░ ржХрж┐ ржирж╛ !!! ржорж╛ржирзЗ ржПржХржЯрж╛ ржЪрзЗрж╣рж╛рж░рж╛ ржЪрж┐ржирждрзЗ ржХрждрзЛ ржжрж┐ржи рж▓рж╛ржЧрзЗ ??
ржХрж░рзНрждрзНржкржХрзНрж╖ ржХрзЗ ржмрж▓рзЗ ржХрзЛржирзЛ ржХрж╛ржЬ рж╣ржпрж╝ржирж╛ рждрж╛ржЗ ржЖрж░ ржмрж▓рждрзЗ ржЪрж╛ржЗ ржирж╛ . ржХрж┐ржирзНрждрзБ ржмрзБржпрж╝рзЗржЯрзЗрж░ ржорждржи ржПржХржЯрж╛ ржЬрж╛ржпрж╝ржЧрж╛ржпрж╝ ржПрж╕рзЗ ржорзЗржпрж╝рзЗ рж╣рж┐рж╕рзЗржмрзЗ ржПржоржи ржЭрж╛ржорзЗрж▓рж╛рж░ рж╢рж┐ржХрж╛рж░ рж╣рждрзЗ рж╣ржмрзЗ рж╕рзЗржЯрж╛ ржЖрж╕рж╛ ржХрж░рж┐ржирж┐ . ржкрзНрж░рждрж┐ржмрж╛рж░ ржмрж╛рждрж╛рж╕рзЗрж░ ржзрж╛ржХрзНржХрж╛ржпрж╝ ржнрж╛ржЩрж╛ ржХрж╛ржЪрзЗржБрж░ ржЯрзБржХрж░рж╛ ржЖржорж╛рж░ ржЦрж╛ржЯрзЗ ржкржбрж╝ржЫрзЗ ржЖрж░ ржЬрж╛ржирж╛рж▓рж╛рж░ рж╢рж┐ржХ ржпржерзЗрж╖рзНржЯ ржмржбрж╝ рж╣рж╛ржд ржврзБржХрж┐ржпрж╝рзЗ ржХрж┐ржЫрзБ ржирж┐ржпрж╝рзЗ ржпрж╛ржУржпрж╝рж╛рж░ ржЬржирзНржп.
ржЖржорж╛ржХрзЗ Biis ржП ржХржоржкрзНрж▓рзЗржЗржи ржжрж┐рждрзЗ ржмрж▓рзЗржЫрж┐рж▓рзЗржи ржмржбрж╝ ржЖржкрзБрж░рж╛ ржХрж┐ржирзНрждрзБ рж╕рзЗржЦрж╛ржирзЗ ржПржЦржи ржХрзЛржирзЛ ржХржоржкрзНрж▓рзЗржЗржи ржЗ ржирж┐ржЪрзНржЫрзЗ ржирж╛.
ржПржЦржи ржкрзНрж░рж╢рзНржи рж╣рж▓рзЛ ржпрзЗржЦрж╛ржирзЗ ржорж╛ржпрж╝рзЗржжрзЗрж░ рж╣рж▓рзЗ ржврзБржХрждрзЗ ржжрзЗржУржпрж╝рж╛ рж╣ржпрж╝ржирж╛ рж╕рзЗржЦрж╛ржирзЗ ржПржзрж░ржирзЗрж░ ржШржЯржирж╛рж░ ржХрзЛржирзЛ ржирж┐рж░рж╛ржоржпрж╝ ржХрж░рж╛рж░ ржХрзЛржирзЛ ржмрзНржпржмрж╕рзНржерж╛ ржирж╛ ржирж┐рж▓рзЗ рж╣рж▓рзЗрж░ ржорзЗржпрж╝рзЗржжрзЗрж░ ржирж┐рж░рж╛ржкрждрзНрждрж╛ ржХрзЛржерж╛ржпрж╝? рждржерж╛ржХржерж┐ржд ржирж┐рж░рж╛ржкрждрзНрждрж╛рж░ ржирж╛ржорзЗ рж╣рзЗржирж╕рзНрждрж╛ ржХрж░рзЗ ржЖрж╕рж▓ ржмрж┐рж╖ржпрж╝рзЗ ржирзАрж░ржм ржХрзЗржи рждрж╛рж░рж╛ ?
ржмрж┐:ржжрзНрж░ : ржмрж┐ржнрж┐ржирзНржи ржХрж╛рж░ржгрзЗ ржжрж░ржЦрж╛рж╕рзНржд ржкрж░рж┐ржмрж░рзНрждржи ржХрж░рж╛ рж╣ржпрж╝рзЗржЫрзЗ."
Fazley Alam,1579266245,"""ржорж░рзЗ ржЧрзЗрж▓рзЗ ржХрж╛ржирзНржжрзЗ рж╕ржмрж╛ржЗ, ржмрзЗржБржЪрзЗ ржерж╛ржХрждрзЗ ржЪрж┐ржирж▓рзЛ ржирж╛ "" ржХрзЗржЙ ржорж░рж▓рзЗ ржХржд ржХржерж╛ ржмрж▓рж┐ ржЖржорж░рж╛ ! рж╣рж╛ржмрж┐ржм ржЙржжрзНржжрзАржи ржнрж╛ржЗ (рзорзк ржмрзНржпрж╛ржЪ) ржмрзЗржБржЪрзЗржЗ ржорж░рж╛рж░ ржоржд рж╣рзЯрзЗ ржЖржЫрзЗржи!! ржЖржорж░рж╛ ржХрж┐ржЫрзБржЗ ржХрж░рж▓рж╛ржо ржирж╛!!
┬╖ Provide translation into English"
Samit Miftah,1579158800,"ржПржЗ ржЫрзЗрж▓рзЗ ржЖржорж╛рж░ ржПржХ ржХрж╛ржЬрж┐ржи ржПрж░ ржХрж▓рж┐ржЧ ржПрж░ ржЫрзЗрж▓рзЗ/ржорзЗрзЯрзЗржХрзЗ ржкрзЬрж╛ржирзЛрж░ ржЬржирзНржп рж╕рж┐ржнрж┐ ржУ ржЖржЗржбрж┐ ржХрж╛рж░рзНржб ржПрж░ ржЫржмрж┐ ржжрж┐рзЯрзЗржЫрзЗред ржЙржирж╛рж░ рж╕ржирзНржжрзЗрж╣ рж╣ржУрзЯрж╛рзЯ ржЙржирж┐ ржЖржорж╛ржХрзЗ ржПржЗ ржЫрзЗрж▓рзЗрж░ ржмрзНржпрж╛ржкрж╛рж░рзЗ ржЦрзЛржЬ ржирж┐рждрзЗ ржмрж▓рзЗржиред ржЫрзЗрж▓рзЗрж░ рж░рзЛрж▓ ржиржорзНржмрж░ ржжрзЗржЦрзЗ рззрзл ржмрзНржпрж╛ржЪ ржПрж░ ржнрж░рзНрждрж┐ рждрж╛рж▓рж┐ржХрж╛ рждрзЗ ржирж╛ржо ржжрж┐рзЯрзЗ рж╕рж╛рж░рзНржЪ ржХрж░рзЗ ржПржЗ ржирж╛ржорзЗрж░ ржХрж╛ржЙржХрзЗ ржкрж╛ржЗржирж┐ ржПржмржВ рждрж╛рж░ рж╕рж┐ржнрж┐ рж╕ржирзНржжрзЗрж╣ржЬржиржХ ржоржирзЗ рж╣ржУрзЯрж╛рзЯ ржкрзЛрж╕рзНржЯ ржХрж░ржЫрж┐ред рззрзл ржмрзНржпрж╛ржЪрзЗрж░ ржХрзЗржЙ рж╕ржарж┐ржХ рждржерзНржп ржЬрж╛ржирж▓рзЗ ржПржХржЯрзБ ржЬрж╛ржирж╛ржУред
edit: ржПржХрзЗ рж╕ржирзНржжрзЗрж╣ рж╣ржУрзЯрж╛рзЯ ржХрж┐ржЫрзБ ржкрзНрж░рж╢рзНржи ржХрж░рзЗржи ржУржЗ ржнрж╛ржЗ, рждржЦржи ржПржЗ ржЫрзЗрж▓рзЗ рждрж╛рж░ ржмрзБрзЯрзЗржЯрж┐рзЯрж╛ржи рж╕рждрзНрждрзНржм ржкрзНрж░ржорж╛ржи ржХрж░рждрзЗ ржирж╛ржХрж┐ рж╕рж┐ржнрж┐ ржЖрж░ ржЖржЗржбрж┐ ржПрж░ ржЫржмрж┐ ржжрж┐ржЫрзЗред
┬╖ Provide translation into English"
Shariat Rahman,1579157204,"ржПржХржЗ ржХржерж╛ ржкрзНрж░ржпрзЛржЬрзНржп ржмрж╛ржВрж▓рж╛ржжрзЗрж╢рзЗрж░ ржХрзНрж╖рзЗрждрзНрж░рзЗржУ
┬╖ Provide translation into English"
Rajib Peejush,1579266165,"ржПржЗ рж╕рж┐ржирзЗржорж╛рж░ ржХрж╛рж╣рж┐ржирзАрж░ рж╕рзГрж╖рзНржЯрж┐ ржмрзБрзЯрзЗржЯрзЗрж░ рж╣рж▓рзЗ ржерж╛ржХрж╛ ржХрж┐ржЫрзБ ржкрж╛ржЧрж▓рж╛ржжрзЗрж░ред ржкрзНрж░ржпрзЛржЬржирж╛рзЯ ржПрж░рж╛ржЗ ржЖржЫрзЗ ред ржирж╛ржоржЧрзБрж▓рзЛ ржЙрж▓рзНрж▓рзЗржЦ ржХрж░ржЫрж┐ ржирж╛ , ржУрж░рж╛ ржирж┐ржЬрзЗрж░рж╛ржЗ ржмрж▓ржмрзЗ рж╕рж╛ржоржирзЗред рж╣рж▓рзЗрж░ ржжрзЗржЦрж╛ рж╕рзНржмржкрзНржи ржмрж╛рж╕рзНрждржмрзЗ ржирж┐рзЯрзЗ ржЖрж╕рж╛рж░ ржПржХржЯрж┐ ржнрж╛рж▓рзЛ ржЙржжрж╛рж╣рж░ржгред рж╢рзБржн ржХрж╛ржоржирж╛ рж░ржЗрж▓ред
┬╖ Provide translation into English"
Rajib Hasan,1579259686,"рж╕рж╛рж░рж╛ ржжрзБржирж┐рзЯрж╛ ржЬрзБрзЬрзЗ ржнрзЛржЯрж╛рж░ рж╕ржВржЦрзНржпрж╛ ржХржорж▓рзЗржУ ржЖрзЬрж┐ржкрж╛рждрж╛ рззрзмрж╢ ржирж┐рж░рзНржмрж╛ржЪржирзЗ рж╣рзЗржбржорж┐ржи ржмрж┐ржЧржд ржХрзЯрзЗржХ ржмржЫрж░рзЗрж░ рж░рзЗржХрж░рзНржб ржнрзЗржЩрзЗ рзйрзжрзжрзж+ ржнрзЛржЯ ржкрзЗрзЯрзЗржЫрзЗ!
ржПрждрзЗ ржХрж┐ ржкрзНрж░ржорж╛ржирж┐ржд рж╣рзЯ?
ржмрзБрзЯрзЗржЯрж┐рзЯрж╛ржирж░рж╛/ржмрзБрзЯрзЗржЯрж┐рзЯрж╛ржиржжрзЗрж░.......... ( ржЖржкржирж╛рж░ ржЕржнрж┐ржоржд ржХржорзЗржирзНржЯрзЗ рж▓рж┐ржЦрждрзЗ ржкрж╛рж░рзЗржи)ред
┬╖ Provide translation into English"
Nazwa Tahsin,1579200252,"#Teacher
From comment section of previous post, experience of same person: 
рж▓рзНржпрж╛ржмрзЗ ржУрзЯрзЗрж▓рзНржбрж┐ржВ ржпрзЗ рждрж┐ржиржЬржирзЗрж░ рж╕ржмржЪрзЗрзЯрзЗ ржнрж╛рж▓рзЛ рж╣ржЗрж╕рж┐рж▓рзЛ рждрж╛ржжрзЗрж░ рж░рзЛрж▓ ржирж╛ржорзНржмрж╛рж░ ржбрж╛ржХрж╕рзЗ ржХрзНрж▓рж╛рж╕рзЗред ржЖржорж┐ ржЫрж┐рж▓рж╛ржо ржПржХржорж╛рждрзНрж░ ржорзЗрзЯрзЗ ржПржжрзЗрж░ ржоржзрзНржпрзЗред ржкрж░рзЗ рж╢рзБржзрзБ ржЖржорж╛ржХрзЗржЗ ржЙржирж╛рж░ рж╕рж╛ржоржирзЗ ржЖржмрж╛рж░ ржУрзЯрзЗрж▓рзНржбрж┐ржВ ржХрж░рзЗ ржкрзНрж░ржорж╛ржг ржХрж░рждрзЗ рж╣ржЗрж╕рзЗ ржпрзЗ ржЖржЧрзЗрж░ржЯрж╛ржУ ржЖржорж┐ ржирж┐ржЬрзЗ ржХрж░рж╕рж┐рж▓рж╛ржо, ржЖржорж╛рж░ ржХрзЛржи ржЫрзЗрж▓рзЗ ржлрзНрж░рзЗржирзНржб ржХрж░рзЗ ржжрзЗрзЯ ржирж╛ржЗред
ржЖржорж╛ржжрзЗрж░ рзи-рзз ржП ржПржХ ржХрзЛрж░рзНрж╕рзЗ (ржЖржорж╛рж░ ржбрж┐ржкрж╛рж░рзНржЯржорзЗржирзНржЯрзЗрж░ ржирж╛) ржЯрзАржЪрж╛рж░ ржХрзНрж▓рж╛рж╕рзЗ ржмрж▓рж╕рзЗржи ржПржЗржЯрж╛ ржпрзЗ ржкрж╛рж░ржмрзЗ рждрж╛ржХрзЗ ржкрж░рзЗрж░ ржХрзБржЗржЬрзЗ рзирзж ржжрж┐рзЯрзЗ ржжрж┐ржмрзЗржиред ржЖржорж┐ ржарж┐ржХ ржПржирзНрж╕рж╛рж░ ржжрж┐рж▓рж╛ржо рж╕ржмрж╛рж░ ржЖржЧрзЗред ржПрж░ржкрж░ ржЫрзЗрж▓рзЗржжрзЗрж░ ржжрж┐ржХрзЗ рждрж╛ржХрж╛рзЯрзЗ ржмрж▓рж▓рзЗржи ржПржХржЯрж╛ ржорзЗрзЯрзЗ ржЙрждрзНрждрж░ ржжрж┐рзЯрзЗ ржжрж┐рж▓рзЛ ржЖрж░ рждрзЛржорж░рж╛ ржЫрзЗрж▓рзЗрж░рж╛ ржХрж┐ ржХрж░рждрзЗрж╕рзЛ ржмрж╕рзЗ ржмрж╕рзЗ! I found it very sexist. ржЙржирж┐ ржЖржорж╛ржХрзЗ ржкрж░рзЗрж░ ржХрзБржЗржЬрзЗ рзирзж ржжрзЗржи ржирж╛ржЗ ржПржмржВ ржЙржирж╛ржХрзЗ ржоржирзЗ ржХрж░рж╛рзЯрзЗ ржжрзЗржУрзЯрж╛рж░ ржкрж░ ржмрж▓рж╕рзЗржи ржЙржирж┐ ржнрзЗржмрзЗ ржжрзЗржЦржмрзЗржи (ржПржЯрж╛ ржЕржмрж╢рзНржп ржПржХржЯрж╛ ржЫрзЗрж▓рзЗрж░ рж╕рж╛ржерзЗржУ ржХрж░рждрзЗ ржкрж╛рж░рждрзЗржи)ред"
Engr MH Shalehy,1579234577,"ржЬрзНржмрж┐ ржПржоржи ржПржХржЯрж╛ ржкрж░рж┐ржмрзЗрж╢ ржЖржорж╛ржжрзЗрж░ржУ ржкрзНрж░рждрзНржпрж╛рж╢рж╛..
┬╖ Provide translation into English"
Nazwa Tahsin,1579198493,"#Teacher
From anonymous:
""ржЖржорж╛рж░ ржПржХржЯрж╛ ржПржХрзНрж╕ржкрзЗрж░рж┐рзЯрзЗржирзНрж╕ ржмрж▓рж┐ ржЖржкрзБред ржарж┐ржХ ржХржоржкрзНрж▓рзЗржЗржи ржирж╛ред ржЖржорж╛ржжрзЗрж░ ржбрзЗржкрзНржЯрзЗ WRE ржПрж░ ржиржи ржбрзЗржкрзНржЯ ржХрзЛрж░рзНрж╕ ржХрж░рж╛ржЗрждрзЗ ржЖрж╕ржЫрж┐рж▓рзЗржи ржПржХ рж╕рзНржпрж╛рж░ред ржЙржирж┐ ржорзЗрзЯрзЗржжрзЗрж░ ржЦрзБржм ржПржХржЯрж╛ ржкрж╛рждрзНрждрж╛ ржжрж┐рждрзЗржи ржирж╛ред ржПржХржмрж╛рж░ ржПржХржЯрж╛ рж╕рж╛рж░ржкрзНрж░рж╛ржЗржЬ ржЯрзЗрж╕рзНржЯ ржирж┐рж▓рзЗржиред ржмрж▓рж▓рзЗржи ржпрзЗ рж╕ржмрж╛рж░ ржкрзНрж░ржержорзЗ ржЙрждрзНрждрж░ ржжрж┐ржмрзЗ рждрж╛ржХрзЗ рзл ржорж╛рж░рзНржХ ржжрж┐ржмрзЗржиред ржЖржорж┐ рж╕рж╛ржерзЗ рж╕рж╛ржерзЗржЗ ржЙрждрзНрждрж░ ржжрж┐рж▓рж╛ржоред ржкрж╛рждрзНрждрж╛ржЗ ржжрж┐рж▓рзЗржи ржирж╛ред ржПржХржЗ ржЙрждрзНрждрж░ ржкрж░рзЗ ржжрзБржЗржЯрж╛ ржЫрзЗрж▓рзЗ ржжрж┐рж▓ред ржУржжрзЗрж░ржХрзЗ ржорж╛рж░рзНржХ ржжрж┐рж▓рзЗржиред ржЖржорж┐ рж╕рж╛ржзрж╛рж░ржгржд ржЪрзБржкржЪрж╛ржк ржерж╛ржХрж┐ред ржУржЗржжрж┐ржи ржкрзБрж░рж╛ ржХрзНрж╖рзЗржкрзЗ ржЧрзЗрж╕рж┐рж▓рж╛ржоред ржХрзНрж▓рж╛рж╕рзЗржЗ рждрж░рзНржХ ржХрж░рзЗ ржорж╛рж░рзНржХ ржирж┐рзЯрзЗ ржЫрж╛рзЬрж╕рж┐ред ржЕржмрж╢рзНржп ржПржЗржЯрж╛ ржорзЗрзЯрзЗ ржмрж▓рзЗ ржирж╛ ржЖржорж╛рж░ ржкрзНрж░рждрж┐ ржХрзЛржи ржкрж╛рж░рзНрж╕рзЛржирж╛рж▓ ржЖржХрзНрж░рзЛрж╢ ржПржЗржЯрж╛ ржПржЦржирзЛ ржмрзБржЭрж┐ржирж╛ржЗред"""
Abu Jannat,1579146151,"ржмрж╛ржВрж▓рж╛ рж╕рж┐ржирзЗржорж╛рзЯ ржжрзЗржЦрж╛рждрзЛ ржжрзБ ржЪрж╛рж░ржЯрж╛ ржЦрзБржи ржирж╛ ржХрж░рзЗ ржХрзЗржЙ 'pode' ржкрзМржЫрж╛рждрзЗ ржкрж╛рж░рзЗржирж╛ред ржПржЦржи рж╕рзЗржЧрзБрж▓рзЛ рж▓рж╛ржЗржн ржжрзЗржЦржЫрж┐...
┬╖ Provide translation into English"
Abu Bakar Siddique,1579272551,"рж▓рж┐ржЬрзЗржирзНржбрж╛рж░рж┐ ржмрж╕рзБржирж┐рзЯрж╛ рж╕рзНржпрж╛рж░ ржЕржи рж╕рзНржЯрзЗржЬ
ржЗрж▓рзЗржХрж╢ржирзЗрж░ рж░рзЗржЬрж╛рж▓рзНржЯ ржШрзЛрж╖ржирж╛ рж╣ржЪрзНржЫрзЗред
#ржПрж▓рзБржорзНржирж╛ржЗ_ржПрж╕рзЛрж╕рж┐рзЯрзЗрж╢ржи
┬╖ Provide translation into English"
Nazwa Tahsin,1579158313,"#Hall
""Hall e attached student ra thakte chaile tader kono permission deya hoy na. Keu jodi na janiye thekeo jay tahole pore take rat 10tar dikeo hall theke ber kre deya hoy and tar safety niyeo provost ma'am chintavabna kren na."""
Layek Ali,1579160445,"Salam to All. , Just a quick update on helping Abrar family. I was told today by Abrar Faiyaj that they received the money Forum86 USA sent to them. We collected more than $21k. But this time we sent $9995. TK8,38,735 was deposited to the account after 20 days of wire transfer. May Allah reward all who donated for the cause. Thanks.
┬╖ Provide translation into Bengali"
Shafiqur Rahman Khan,1579248221,"@ Ahmed Javed Jamal ржПржЗ рждрзЛрж░ ржмрж╛рзЬрж┐ ржнрзИрж░ржм? ржПржЗ ржЬржирзНржпржЗ рждрзЛ рждрзБржЗ ржПржЗ рж░ржХржо! ржЖржорж╛рж░ ржмрж╛рзЬрж┐ ржХрж┐рж╢рзЛрж░ржЧржирзНржЮрзНржЬ ЁЯША
┬╖ Provide translation into English"
Shahed Mohammad Quazi,1579249346,
Muhammad Talut,1579252868,
Shariat Rahman,1579232005,"рж╕ржХрж╛рж▓ рж╕рж╛рзЬрзЗ рззрзжржЯрж╛рзЯ ржПржЗ рж╕рзЗрж╢ржиржЯрж╛ рж╢рзБрж░рзБ рж╣ржмрзЗред ржЙржжрзНржпрзЛржХрзНрждрж╛ржжрзЗрж░ ржЬржирзНржп ржПржЗ ржорзЗрж▓рж╛рж░ рж╕ржмржЪрзЗрзЯрзЗ ржЧрзБрж░рзБрждрзНржмржкрзВрж░рзНржг рж╕рзЗржорж┐ржирж╛рж░ ржПржЯрж┐ред
ржЖржорж┐ ржЖрж╕рждрзЗржЫрж┐ ржЗржирж╢рж╛рж▓рзНрж▓рж╛рж╣ред
┬╖ Provide translation into English"
Shuvo Islam,1579176525,
Tasnia Reza,1579153507,ЁЯШС
Md Abul Khair,1579157781,"ржЖржЧрж╛ржорзАржХрж╛рж▓ рззрзн/рзжрзз/рзирзжрзирзж, рж╢рзБржХрзНрж░ржмрж╛рж░, ржмрж┐ржХрж╛рж▓ рзиржГрзйрзж- рзмржГрзжрзж ржЯрж╛ред BUET ржЕржбрж┐ржЯрзЛрж░рж┐рзЯрж╛ржорзЗрж░ ржкрж╛рж╢рзЗ ржбрзЗрж▓ ржХрзНржпрж╛ржлрзЗред
Board of Trusty ржирж┐рж░рзНржмрж╛ржЪржирзЗ рж╕ржорж░рзНржержи ржЪрж╛ржЗ!
┬╖ Provide translation into English"
Shuvo Islam,1579193691,"Are you ""ржХрзБрж▓"" enough ?
┬╖ Provide translation into Bengali"
Shuvo Ahmed,1579190586,"Bangladesh Science Laboratory (рж╕рж╛рзЯрзЗржирзНрж╕ рж▓рзНржпрж╛ржмрзЗ) ржЖржорж╛ржжрзЗрж░ ржХрзЛржи ржмрзБрзЯрзЗржЯрж┐рзЯрж╛ржи ржнрж╛ржЗрзЯрж╛-ржЖржкрзБ ржЖржЫрзЗржи?
Air Quality ржирж┐рзЯрзЗ ржХрж╛ржЬ ржХрж░рзЗржи ржПржоржи ржЕржнрж┐ржЬрзНржЮ ржХрзЗржЙ ржХрж┐ ржЧрзНрж░рзБржкрзЗ ржЖржЫрзЗржи?
ржЦрзБржм ржжрж░ржХрж╛рж░ ржЫрж┐рж▓, ржЕржЧрзНрж░рж┐ржо ржзржирзНржпржмрж╛ржж!
┬╖ Provide translation into English"
Swapan Mandal,1579146670,"Outstanding performance
┬╖ Provide translation into Bengali"
Shahed Mohammad Quazi,1579249368,
Shaleh Tuhin,1579164987,"#Help post
#TAX related
ржЬржм ржЫрж╛рзЬрж╛рж░ ржкрж░ NBR ржП ржХрж┐ржнрж╛ржмрзЗ/ржХрзЛржи ржбрж┐ржкрж╛рж░рзНржЯржорзЗржирзНржЯ ржП ржЬрж╛ржирж╛рждрзЗ рж╣рзЯ ржпрзЗ ржкрж░ржмрж░рзНрждрзАрждрзЗ ржЖрж░ TAX ржкрзНрж░ржжрж╛ржи ржХрж░рж╛ рж╕ржорзНржнржм ржирж╛??
#Kindly inform me if any senior vaia/apu experienced it before.
┬╖ Provide translation into English"
ржХржорж▓рзЗрж╢ рж╕рж░ржХрж╛рж░,1579246913,"ржЧрзНрж░рж╛ржорзАржгржлрзЛржирзЗрж░ ржирзЗржЯржУрзЯрж╛рж░рзНржХ ржбрж┐ржнрж┐рж╢ржирзЗ ржХрж░рзНржорж░ржд ржЖржЫрзЗржи ржПрж░ржХржо ржХрзЗржЙ ржХрж┐ ржЖржЫрзЗржи?? ржПржХржЯрзБ рж╕рж╣ржпрзЛржЧрж┐рждрж╛рж░ ржкрзНрж░рзЯрзЛржЬржиред
┬╖ Provide translation into English"
Dr-Md Farid Ahmmed Mithu-PEng,1579168008,
Sajib Bhowmik,1579182898,"Anyone works in India embassy or own visa agency? Need some help on urgent basis. TIA
┬╖ Provide translation into Bengali"
Md Yaqub Ali,1579178291,"ржЧрж╛ржЫрзЗрж░ ржкрзБрзЬрзЗ ржирж┐ржГрж╢рзЗрж╖ рж╣рзЯрзЗ ржпрж╛ржУрзЯрж╛ ржЖржмрж╛рж░ рж╕рзЗржЦрж╛ржи ржерзЗржХрзЗ ржмрзЗржБржЪрзЗ ржУржарж╛рж░ ржкрзНрж░ржХрзНрж░рж┐рзЯрж╛ржЯрж╛ ржЖржорж╛ржХрзЗ ржорж╛ржиржм ржЬрзАржмржи рж╕ржорзНржмржирзНржзрзЗ ржЦрзБржмржЗ ржЖрж╢рж╛ржмрж╛ржжрзА ржХрж░рзЗред ржЖржорж░рж╛ржУ ржкрзНрж░рждрж┐ржирж┐рзЯржд ржЕржирзЗржХ ржмрж┐ржкрзОрж╕ржВржХрзБрж▓ ржкрже ржкрж╛рзЬрж┐ ржжрж┐ржЗред ржЕржирзЗржХрзЗржЗ рж╕рзЗржЗ ржкрже ржкрж╛рзЬрж┐ ржжрж┐рждрзЗ ржЧрж┐рзЯрзЗ ржХрзНрж▓рж╛ржирзНржд рж╣рзЯрзЗ рж╣рж╛рж▓ ржЫрзЗрзЬрзЗ ржжрж┐рзЯрзЗ ржЖрждрзНржорж╣ржиржирзЗрж░ ржорждрзЛ ржнрзЯржВржХрж░ рж╕рж┐ржжрзНржзрж╛ржирзНржд ржирзЗрзЯред ржЧрж╛ржЫрзЗрж░рж╛ ржХрж┐ржирзНрждрзБ рж╕рзЗржЯрж╛ ржХрж░рзЗ ржирж╛ред рждрж╛рж░рж╛ рждрж╛ржжрзЗрж░ рж╢рзЗрж╖ ржЬрзАржмржирзАрж╢ржХрзНрждрж┐ржЯрзБржХрзБ ржжрж┐рзЯрзЗ ржкрзБржирж░рзНржЬрзАржмржи ржирзЗржУрзЯрж╛рж░ ржЪрзЗрж╖рзНржЯрж╛ ржХрж░рзЗред ржмрзЗрж╢рж┐рж░ ржнрж╛ржЧ ржХрзНрж╖рзЗрждрзНрж░рзЗржЗ рждрж╛рждрзЗ рж╕ржлрж▓ржУ рж╣рзЯред
┬╖ Provide translation into English"
Ahmed Saqqaf,1579156304,
Ahmed Saqqaf,1579147632,"A long way to go.
┬╖ Provide translation into Bengali"
